id,Title,Content,WPML Language Code,Destinations,Categories,Image Featured,Video,Web,Phone,POI lat,POI long,POI Coordinates
18491,Santiago - Estadio Cibao,"El Estadio del Cibao está localizado en el centro de Santiago, en la avenida Imbert. Está a más o menos una hora en auto de los hoteles de Puerto Plata y Jarabacoa. El equipo de la casa, Águilas Cibaeñas, ha ganado 20 campeonatos; la última vez que ganó fue en 2008. El color del equipo es el amarillo.



Más acerca del béisbol dominicano",es,Santiago,Béisbol,,,,,19.4670599,-70.7090409,"a:6:{s:7:""address"";s:24:""Santiago - Estadio Cibao"";s:3:""lat"";s:10:""19.4670599"";s:3:""lng"";s:18:""-70.70904089999999"";s:4:""zoom"";s:0:"""";s:10:""center_lat"";s:0:"""";s:10:""center_lng"";s:0:"""";}"
18509,Casinos en Santiago,"Haz tus apuestas en uno de los casinos de la ciudad, convenientemente ubicados en el centro. Estos casinos presumen de ser los mejores del país, y podrás encontrar de todo desde la ruleta al Blackjack, Texas Hold'em, póker, máquinas tragamonedas, y más.
Casinos en Santiago:

 	Hodelpa Gran Almirante
 	Hodelpa Centro Plaza
 	Hotel Ambar
 	Hotel Matum
 	Hotel Platino
",es,Santiago,Gastronomía y Vida Nocturna>Casinos y Juegos de Azar,,,,,,,"a:6:{s:7:""address"";s:74:""Av Las Carreras 1, Santiago De Los Caballeros 51000, República Dominicana"";s:3:""lat"";s:10:""19.4517692"";s:3:""lng"";s:18:""-70.69098120000001"";s:4:""zoom"";s:0:"""";s:10:""center_lat"";s:0:"""";s:10:""center_lng"";s:0:"""";}"
18513,Casinos en Puerto Plata,"Si te gusta tirar los dados, jugar a las máquinas tragamonedas y a los juegos de azar, estás de suerte: la región de Puerto Plata cuenta con un montón de casinos. La mayoría de estos ¬†ofrecen Blackjack, ruleta, Texas Hold'em póker, máquinas tragamonedas, y más. El Ocean World Casino, en el área de resorts de Cofresí, es la opción más popular, con 650 metros cuadrados, 60 máquinas de juego, juegos de mesa en vivo y un mundo de entretenimiento a la orilla del mar, un restaurante, una discoteca y un espectáculo de cabaret semanal. Encontrarás casinos dentro del complejo de Playa Dorada, Casino Playa Chiquita en Sosúa, y el recién renovado Ocean Sands Casino &amp; Club en Cabarete.",es,Puerto Plata,Gastronomía y Vida Nocturna>Casinos y Juegos de Azar,,,,,19.7491555,-70.4000074,"a:6:{s:7:""address"";s:77:""Ocean Sands Casino Cabarete, Carretera El Choco, Cabarete, Dominican Republic"";s:3:""lat"";s:10:""19.7491555"";s:3:""lng"";s:18:""-70.40000739999999"";s:4:""zoom"";s:0:"""";s:10:""center_lat"";s:0:"""";s:10:""center_lng"";s:0:"""";}"
18757,Gastronomía en Puerto Plata,"La Parrillada es uno de los restaurantes más antiguos del pueblo. Lucía en Casa Colonial, Mares y La Tarappa son los restaurantes más populares en Puerto Plata y, en Sosúa, Waterfront y Las Palmas. Diríjase a Cabarete, donde la decisión es más difícil de tomar, ya que, toda la franja de playa está llena de restaurantes. Eche un vistazo a los menús que se publican afuera de ellos.",es,Puerto Plata,Gastronomía y Vida Nocturna>Gastronomía,,,,,19.7848109,-70.6713206,"a:6:{s:7:""address"";s:59:""La Tarappa (Real Italian), Puerto Plata, Dominican Republic"";s:3:""lat"";s:10:""19.7848109"";s:3:""lng"";s:11:""-70.6713206"";s:4:""zoom"";s:0:"""";s:10:""center_lat"";s:0:"""";s:10:""center_lng"";s:0:"""";}"
18760,Gastronomía en Santiago,"Los turistas más adinerados van en búsqueda de restaurantes gourmets de cocina internacional en el área de Los Jardines Metropolitanos. Pero en esa zona, La Comai destaca por su comida dominicana.

Una visita a Santiago no está completa sin pasar por una de las ""lechoneras"", los tradicionales restaurantes de carne de cerdo asada. Todo el mundo en Santiago parece tener su favorito; algunas de las opciones más populares son Milito, Chito y Embrujo.

Pruebe las parrillas en El Corte Selecto y La Parrillita, frente al Centro Plaza Internacional en Juan Pablo Duarte; Punto Criollo, en la avenida Ramón Dubert, popular para los desayunos y almuerzos; el Tablón Latino, en la Calle del Sol, sirve platos latinoamericanos.",es,Santiago,Gastronomía y Vida Nocturna>Gastronomía,,,,,19.4125739,-70.6457698,"a:6:{s:7:""address"";s:87:""Lechonera Milito, Avenue Hispanoamerica, Santiago De Los Caballeros, Dominican Republic"";s:3:""lat"";s:10:""19.4125739"";s:3:""lng"";s:18:""-70.64576979999998"";s:4:""zoom"";s:0:"""";s:10:""center_lat"";s:0:"""";s:10:""center_lng"";s:0:"""";}"
18769,Vida Nocturna en Puerto Plata,"La vida nocturna de la ciudad de Puerto Plata ofrece un montón de ambientes para todos los gustos. Los sofisticados bares también sirven como sitios de baile, y encontrarás salas de fumadores y entretenimiento a la orilla del mar. Las áreas de resorts de Playa Dorada y Costa Dorada están cerca de discotecas y casinos. Si buscas entretenimiento junto al mar, los bares del Malecón organizan noches temáticas, desde karaoke hasta música en vivo.",es,Puerto Plata,Gastronomía y Vida Nocturna>Música + Vida Nocturna,,,,,,,
18772,Vida Nocturna en Santiago,"La ciudad de Santiago es conocida por su vibrante vida nocturna. Encontrarás una variedad de bares alrededor del icónico Monumento a los Héroes de La Restauración en el centro de la ciudad, donde las multitudes se reúnen los fines de semana y después del trabajo. La ciudad también cuenta con centros comerciales con bares y discotecas que abren hasta las altas horas de la noche. Los amantes de los casinos también encontrarán algo que hacer en los hoteles del centro de la ciudad. La música en vivo siempre está en oferta en una de las discotecas de la ciudad, en esta región central del Cibao donde se originó el merengue.",es,Santiago,Gastronomía y Vida Nocturna>Música + Vida Nocturna,https://www.godominicanrepublic.com/wp-content/uploads/2017/12/Gran-Teatro-del-Cibao.jpg,,,,,,
18953,Cayo Arena,"Cayo Arena, también conocido como Cayo Paraíso, se encuentra a 25 minutos en lancha del punto de salida en Punta Rucia, ubicado al noroeste de Puerto Plata. Este banco de arena se encuentra en medio del brillante océano azul, con fina arena blanca y aguas poco profundas repletas de peces tropicales, ideal para snorkelers de cualquier nivel, o también podrás optar por bucear. La mayoría de los tour operadores ofrecen el viaje de ida y vuelta desde Puerto Plata, incluyendo los botes que los llevarán al cayo con equipo de snorkel incluido.",es,Montecristi|Puerto Plata,Marinas>Atracciones Marinas|Familia|Islas + Cayos|Playas,https://www.godominicanrepublic.com/wp-content/uploads/2017/12/rmp7-cayo-arena.-puerto-plata.jpg,,,,,,"a:6:{s:7:""address"";s:10:""Cayo Arena"";s:3:""lat"";s:10:""19.8702532"";s:3:""lng"";s:11:""-71.3061199"";s:4:""zoom"";s:0:"""";s:10:""center_lat"";s:0:"""";s:10:""center_lng"";s:0:"""";}"
18954,Playa Luperón,"Es una playa de color beige, con grandes rocas, y un área donde se puede nadar. Los turistas suelen visitarla antes o después de ir al sitio histórico La Isabela, el primer asentamiento europeo en el Nuevo Mundo, que queda muy cerca de la playa.",es,Puerto Plata,Playas,,,,,19.9001987,-70.9465066,"a:6:{s:7:""address"";s:11:""Luperon Bay"";s:3:""lat"";s:10:""19.9001987"";s:3:""lng"";s:18:""-70.94650660000002"";s:4:""zoom"";s:0:"""";s:10:""center_lat"";s:0:"""";s:10:""center_lng"";s:0:"""";}"
18955,Playa Caletón,"Acogedora y con forma de media luna, Playa Caletón es una de las favoritas de la zona, rodeada de una vegetación verde y un paisaje rocoso, algunas rocas tienen esculpidas caras de caciques taínos lo que da un aire místico. Esta playa tiene fácil acceso desde el pueblo pesquero de Río San Juan. La entrada se sitúa en la carretera entre Río San Juan y Playa Grande y el complejo de golf. Una visita a esta playa se incluye usualmente en las excursiones a la Laguna Gri-Gri y las costas del entorno.",es,Puerto Plata,Familia|Playas,,,,,19.657471,-70.0713409,"a:6:{s:7:""address"";s:14:""Playa Caletón"";s:3:""lat"";s:9:""19.657471"";s:3:""lng"";s:11:""-70.0713409"";s:4:""zoom"";s:0:"""";s:10:""center_lat"";s:0:"""";s:10:""center_lng"";s:0:"""";}"
18956,Playa El Bretón,"En la carretera entre Río San Juan y Playa Grande, hallarás esta pequeña cala, perfecta para nadar, hacer snorkel y relajarte. Te encontrarás lejos de las multitudes de Playa Caletón, en especial los días de semana y comprobarás que la falta de restaurantes y servicios suman a la belleza de este lugar.",es,Puerto Plata,Familia|Playas,https://www.godominicanrepublic.com/wp-content/uploads/2017/11/El-Breton-Phot-Credit-Panoramio_com_Juan-Sangiovanni.jpg,,,,,,"a:6:{s:7:""address"";s:16:""Playa El Bretón"";s:3:""lat"";s:9:""19.662811"";s:3:""lng"";s:18:""-69.93851660000001"";s:4:""zoom"";s:0:"""";s:10:""center_lat"";s:0:"""";s:10:""center_lng"";s:0:"""";}"
18957,Playa Grande,"Aproximadamente 120 kilómetros al noreste de la ciudad de Puerto Plata, entre Río San Juan y Cabrera, esta amplia playa de arena dorada mide dos kilómetros y es popular por sus buenas olas para los surfistas y las fuertes corrientes de invierno, requiriendo un cuidado extra al meterse al agua para no alejarse demasiado de la orilla. En la playa, encontrarás una variedad de cabañas locales que sirven pescado y marisco fresco mientras resuena la música. Las perfectas palmeras y arena dorada de Playa Grande la han convertido en una favorita entre los fotógrafos.",es,Puerto Plata,Familia|Playas|Deportes Acuáticos>Surf + Kitesurf,https://www.godominicanrepublic.com/wp-content/uploads/2017/12/playa-grande-puerto-plata-1800x1080.jpg,,,,,,"a:6:{s:7:""address"";s:55:""Playa Grande, Puerto Plata Province, Dominican Republic"";s:3:""lat"";s:10:""19.9063889"";s:3:""lng"";s:11:""-70.9472222"";s:4:""zoom"";s:0:"""";s:10:""center_lat"";s:0:"""";s:10:""center_lng"";s:0:"""";}"
18958,Playa Encuentro,"El paraíso para los surfistas está en Playa Encuentro, ubicada entre Sosúa y Cabarete, y a media hora de los hoteles de Playa Dorada y Costa Dorada. Descrita como una ‚Äúola perfecta rompiente de derecha‚Äù, encontrarás las mejores escuelas de surf directamente en la playa, y listas para iniciarte en este deporte. Como dicta la tradición del surf, el mejor momento para disfrutar de las olas es a primera hora del día.",es,Puerto Plata,Familia|Playas|Deportes Acuáticos>Surf + Kitesurf,https://www.godominicanrepublic.com/wp-content/uploads/2017/11/Playa-Encuentro-1.jpg,,,,,,"a:6:{s:7:""address"";s:15:""Playa Encuentro"";s:3:""lat"";s:10:""19.7834465"";s:3:""lng"";s:18:""-70.45165209999999"";s:4:""zoom"";s:0:"""";s:10:""center_lat"";s:0:"""";s:10:""center_lng"";s:0:"""";}"
18959,Playa Cofresí,"Al oeste de Puerto Plata y ubicada adyacente a Ocean World Adventure Park, esta playa de arena dorada y aguas tranquilas es el lugar ideal para nadar y relajarte a la sombra. Aquí encontrarás unos cuantos resorts y restaurantes.",es,Puerto Plata,Familia|Playas,https://www.godominicanrepublic.com/wp-content/uploads/2017/12/cofresi-photo-credit-expedia.jpg,,,,,,"a:6:{s:7:""address"";s:47:""Unnamed Road, Cofresi 57000, Dominican Republic"";s:3:""lat"";s:17:""19.82661883126786"";s:3:""lng"";s:18:""-70.73029696941376"";s:4:""zoom"";s:0:"""";s:10:""center_lat"";s:0:"""";s:10:""center_lng"";s:0:"""";}"
18960,Playa Sosúa,"Veinte minutos al este de Puerto Plata, las arenas doradas de la Playa de Sosúa abrazan la bahía en forma de media luna creando un contraste con sus aguas ¬†azul turquesa con un fondo blanco y arenoso. Esta playa fue prácticamente donde originó el turismo de playa en República Dominicana, y continúa siendo un destino importante. Playa Sosúa es conocida por su animado tramo repleto de bares, restaurantes y tiendas locales e internacionales. También es un favorito entre los amantes del buceo y el snorkel, ya que ofrece fácil acceso a una amplia gama de puntos de inmersión cerca de la orilla. Cientos de locales y visitantes acuden a esta playa los fines de semana y días festivos para disfrutar de sus impresionantes aguas y las preciosas puestas de sol.",es,Puerto Plata,Familia|Playas|Deportes Acuáticos>Surf + Kitesurf,https://www.godominicanrepublic.com/wp-content/uploads/2017/12/playa-sosua-puerto-plata2.jpg,,,,,,"a:6:{s:7:""address"";s:35:""5, Sosúa 57000, Dominican Republic"";s:3:""lat"";s:17:""19.75716317922872"";s:3:""lng"";s:18:""-70.51712036132812"";s:4:""zoom"";s:0:"""";s:10:""center_lat"";s:0:"""";s:10:""center_lng"";s:0:"""";}"
18961,Playa Dorada & Costa Dorada,"Solo diez minutos al este del centro de Puerto Plata, estas playas, protegidas por arrecifes, se encuentran frente a las dos áreas más importantes de resorts de la zona que atraen a la mayoría de sus visitantes. Algunas secciones de estas impresionantes playas están certificadas con la Bandera Azul por la calidad de sus aguas y servicios. Encontrarás un montón de opciones de deportes acuáticos, como kitesurf y ‚Äúbanana boat‚Äù, así como bares y restaurantes.",es,Puerto Plata,Familia|Playas|Deportes Acuáticos>Surf + Kitesurf,https://www.godominicanrepublic.com/wp-content/uploads/2017/11/playa-dorada-puerto-plata2.jpg,,,,,,"a:6:{s:7:""address"";s:69:""Playa Dorada, Puerto Plata, Puerto Plata Province, Dominican Republic"";s:3:""lat"";s:10:""19.7737615"";s:3:""lng"";s:18:""-70.64194120000002"";s:4:""zoom"";s:0:"""";s:10:""center_lat"";s:0:"""";s:10:""center_lng"";s:0:"""";}"
19110,Cayo Arena (Buceo),"El pueblo pesquero de Punta Rucia, al noroeste de Puerto Plata, ofrece unas playas de arena blanca de ensueño rodeadas de manglares. Desde sus playas, o desde la bahía cercana de La Isabela, salen botes hacia Cayo Arena, también conocido como Cayo Paraíso, que ofrece una experiencia increíble para buzos principiantes que comienza a cinco metros. También se pueden ver fácilmente bancos de peces tropicales en aguas turquesas poco profundas, lo que hace de este lugar un paraíso para los snorkelers. Esta área cuenta con la vida marina más abundante de República Dominicana, con corales y esponjas que rodean el cayo. Podrás ver pulpos, cangrejos, cardúmenes de peces cirujanos, peces sargento mayor, peces doncella, peces ángel y pargos o chillos de cola amarilla, que nadarán alrededor de tus pies.",es,Puerto Plata,Deportes Acuáticos>Buceo + Snorkeling,https://www.godominicanrepublic.com/wp-content/uploads/2017/12/POU2977.jpg,,,,,,"a:6:{s:7:""address"";s:30:""CAYO ARENA, Dominican Republic"";s:3:""lat"";s:10:""19.8698076"";s:3:""lng"";s:11:""-71.3075164"";s:4:""zoom"";s:0:"""";s:10:""center_lat"";s:0:"""";s:10:""center_lng"";s:0:"""";}"
19111,Kiteboarding en Puerto Plata,"Es un destino de primera clase para la práctica de kiteboarding, windsurf y vela laser debido a sus aguas cálidas y condiciones de viento perfectas. Cabarete es muy popular entre los jóvenes y aventureros gracias a los deportes acuáticos que se ofrecen en la playa, su famoso festival de jazz que se celebra cada otoño y sus eclécticos bares, cafeterías, restaurantes y tiendas.",es,Puerto Plata,Deportes Acuáticos>Surf + Kitesurf,,,,,,,"a:6:{s:7:""address"";s:28:""Kiteboarding in Puerto Plata"";s:3:""lat"";s:10:""19.7734019"";s:3:""lng"";s:11:""-70.6513917"";s:4:""zoom"";s:0:"""";s:10:""center_lat"";s:0:"""";s:10:""center_lng"";s:0:"""";}"
19277,Cigar capital of the world,"Santiago es la capital mundial del cigarro, el centro de mayor producción de los mismos, ya que cuenta con múltiples fábricas tabacaleras. Cada año, en febrero, se realiza el Festival ProCigar, en el que se pueden probar y comprar cigarros, e incluye visitas organizadas a las tabacaleras y recorridos por los campos de tabaco de compañías como General Cigar, Davidoff, Matasa, La Aurora, Corporación Cigar Export, Tabacalera La Alianza, La Flor Dominicana y la Fuente Foundation. El festival garantiza a los fumadores una experiencia de gran calidad.",es,Santiago,Compras|Puntos de Interés,https://www.godominicanrepublic.com/wp-content/uploads/2017/12/POU6096-tabacos.jpg,,,,19.5429364,-70.7964107,"a:6:{s:7:""address"";s:29:""Davidoff,, Dominican Republic"";s:3:""lat"";s:10:""19.5429364"";s:3:""lng"";s:18:""-70.79641070000002"";s:4:""zoom"";s:0:"""";s:10:""center_lat"";s:0:"""";s:10:""center_lng"";s:0:"""";}"
19287,De Compras En Puerto Plata,"Lugar de nacimiento de talentosos creativos dominicanos, desde merengueros hasta pintores, las oportunidades de compras en Puerto Plata son tan abundantes como su oferta cultural y de naturaleza. Encontrarás joyerías con piedras de ámbar extraídas en la provincia, café y cacao orgánico proveniente de sus plantaciones, instrumentos musicales hechos en los pueblos merengueros de Puerto Plata, y numerosas artesanías hechas a mano. Las calles comerciales y el mercado cubierto de artesanías se encuentran adyacentes al Parque Independencia en el centro de la ciudad. Para una experiencia relajante bajo techo, visita las tiendas dentro del complejo comercial Playa Dorada, donde encontrarás de todo, desde ropa de playa hasta botellas de mamajuana.",es,Puerto Plata,Compras|Familia,https://www.godominicanrepublic.com/wp-content/uploads/2017/12/amber-x3-1600x1080.jpg,,,,,,"a:6:{s:7:""address"";s:21:""Puerto Plata Shopping"";s:3:""lat"";s:10:""19.7690258"";s:3:""lng"";s:18:""-70.64309839999999"";s:4:""zoom"";s:0:"""";s:10:""center_lat"";s:0:"""";s:10:""center_lng"";s:0:"""";}"
19290,De Compras en Santiago,"Encontrarás una plétora de tiendas en la calle principal comercial de Santiago, la Calle del Sol, espera hallar de todo desde zapatos y ropa, hasta aparatos electrónicos y souvenirs. También podrás visitar el histórico Mercado Modelo, un hermoso y moderno mercado techado repleto de puestos que venden productos locales dominicanos, de pinturas a joyas, arte e instrumentos de merengue. Como la segunda ciudad más grande del país, Santiago cuenta con una variedad de centros comerciales donde encontrarás muchas tiendas de diseñadores, así como tiendas de regalos.
No deje de visitar la tienda de souvenirs en el Centro León.",es,Santiago,Compras,,,,,19.45081,-70.7028691,"a:6:{s:7:""address"";s:61:""Calle Del Sol, Santiago De Los Caballeros, Dominican Republic"";s:3:""lat"";s:8:""19.45081"";s:3:""lng"";s:18:""-70.70286909999999"";s:4:""zoom"";s:0:"""";s:10:""center_lat"";s:0:"""";s:10:""center_lng"";s:0:"""";}"
19320,Playa Grande Golf Course,"Inaugurado en 1997, Playa Grande Golf Course no sólo es el último campo diseñado por Robert Trent Jones Sr., sino que también es considerado entre sus mejores. Sus 18 hoyos dan al Océano Atlántico, y diez de ellos se juegan directamente junto al mar. El campo se extiende a lo largo de una zona montañosa sobre acantilados, lo que le ha valido el apodo de ‚ÄúPebble Beach del Caribe‚Äù. Los manantiales subterráneos proveen a los greens de abundante agua dulce y la mayor parte del campo está rodeado de las palmeras típicas de la zona. Honrando el legado de su padre, el aclamado arquitecto de campos de golf, Rees Jones, recientemente rediseñó el campo de Playa Grande, mejorando la experiencia para desafiar a golfistas de todos los niveles. En el nuevo diseño, los últimos cinco hoyos se juegan a la orilla del mar, una experiencia única en el mundo del golf.


 	Hoyos: 18

 	Par: 72; Distancia: 7,259 yd

 	Slope: 130; Rating: 75.6


",es,Puerto Plata,Golf,https://www.godominicanrepublic.com/wp-content/uploads/2017/11/Playa-Grande-Golf-Course-2-X3.jpg,,www.playagrande.com/golf ,-2250,,,"a:6:{s:7:""address"";s:24:""Playa Grande Golf Course"";s:3:""lat"";s:9:""19.675835"";s:3:""lng"";s:18:""-70.03170599999999"";s:4:""zoom"";s:0:"""";s:10:""center_lat"";s:0:"""";s:10:""center_lng"";s:0:"""";}"
19321,Los Mangos Golf Course,"El campo de golf de la comunidad residencial de Costambar tiene nueve hoyos muy diferentes; el más grande es un par 4 de 355 yardas. Cuenta con frondosos árboles frutales como mangos, limoneros españoles y cocoteros. En verano, los jugadores disfrutan de comer mangos mientras juegan. Es un campo ejecutivo donde es fácil jugar dos rondas seguidas usando los diferentes tees. Está localizado en el desarrollo residencial Costambar, a diez minutos de la ciudad de Puerto Plata.

Ubicación: Costambar, Puerto Plata

Hoyos: 9; Par: 32; Yardas: 2,225

Diseñador: José Torres

Abierto en: 1975, remodelado en 2001

Teléfono: 809 970-7750",es,Puerto Plata,Golf,,,,,19.8142967,-70.7190535,"a:6:{s:7:""address"";s:22:""Los Mangos Golf Course"";s:3:""lat"";s:10:""19.8142967"";s:3:""lng"";s:18:""-70.71905349999997"";s:4:""zoom"";s:0:"""";s:10:""center_lat"";s:0:"""";s:10:""center_lng"";s:0:"""";}"
19322,Playa Dorada Golf Course,"Una obra maestra del legendario arquitecto de campos de golf, Robert Trent Jones Sr., el Playa Dorada Golf Course ofrece 18 hoyos de los cuales cinco son con vistas al mar, así como uno directamente adyacente al Océano Atlántico. Inaugurado en 1976 dentro del popular Resort Playa Dorada en Puerto Plata, este campo, relativamente llano, es popular por su excelente acondicionamiento. Los fairways son anchos y poco accidentados, los greens generosos con obstáculos de agua y bunkers estratégicamente situados para animar el juego. Es un campo ideal para jugadores de todos los niveles, pero que aún ofrece algo de desafío. Con una ubicación a tan solo 15 minutos conduciendo del aeropuerto de Puerto Plata, los golfistas pueden incluso jugar el mismo día de su llegada o de su partida.


 	Hoyos: 18

 	Par: 72; Distancia: 6,765 yd

 	Slope: 134; Rating: 73.6


",es,Puerto Plata,Golf,https://www.godominicanrepublic.com/wp-content/uploads/2017/11/Golf-Playa-Dorada-5-X3.jpg,,www.playadoradagolf.com,-5390,,,"a:6:{s:7:""address"";s:22:""Playa Dorada Golf Club"";s:3:""lat"";s:10:""19.7675207"";s:3:""lng"";s:18:""-70.64267050000001"";s:4:""zoom"";s:0:"""";s:10:""center_lat"";s:0:"""";s:10:""center_lng"";s:0:"""";}"
19323,Las Aromas Golf Club,"Un campo de golf citadino, con vistas panorámicas de Santiago, el Valle del Cibao y del río Yaque del Norte. Fue diseñado por Pete Dye en el mismo período en que completó su obra maestra Teeth of the Dog, en La Romana. Con ascensos y grandes inclinaciones para desafiar a los golfistas, tiene cuatro hoyos par 3, dos hoyos par 5 y 12 hoyos par 4. Aunque es un campo bastante corto, los fairways estrechos, los greens pequeños y numerosas trampas, junto a la valoración 135 del campo, lo convierten en uno de los más difíciles en el país.

Ubicación: Bella Vista, Santiago

Hoyos: 18; Par: 70: Yardas: 6,001

Abierto en: 1978

Diseñador: Pete Dye

Contacto: lasaromasgolf@gmail.com

Teléfono: 809 626-1288",es,Santiago,Golf,,,,,19.44698715,-70.71927309,"a:6:{s:7:""address"";s:69:""Golf Las Aromas, Santiago De Los Caballeros 51000, Dominican Republic"";s:3:""lat"";s:17:""19.44698714511906"";s:3:""lng"";s:18:""-70.71927309036255"";s:4:""zoom"";s:0:"""";s:10:""center_lat"";s:0:"""";s:10:""center_lng"";s:0:"""";}"
19588,Fun City,"Cuando sea hora de descansar de la playa, dirígete a Fun City, donde te enfrentarás a feroces competidores en una de las tres pistas de go-kart, con distintas velocidades y desafíos. Ya seas adulto o niño, la diversión está garantizada chocando o girando en los bumper cars, otra elección popular. Otras atracciones incluyen un parque infantil y un campo de lanzadores de béisbol con pantalla radar. Fun City se encuentra cerca de los hoteles de Playa Dorada y Costa Dorada.",es,Puerto Plata,Familia|Parques Recreativos,https://www.godominicanrepublic.com/wp-content/uploads/2017/12/Fun-City-go-karts.jpg,,http://www.funcity-gokarts.com/,-2159,,,"a:6:{s:7:""address"";s:28:""Fun City, Dominican Republic"";s:3:""lat"";s:10:""19.7451861"";s:3:""lng"";s:18:""-70.63493369999998"";s:4:""zoom"";s:0:"""";s:10:""center_lat"";s:0:"""";s:10:""center_lng"";s:0:"""";}"
19589,Loma Isabel de Torres,"Sube caminando, o en el único teleférico del Caribe, y accede a la cima de la Loma Isabel de Torres, uno de los lugares más emblemáticos de la zona, flanqueado por una gigantesca estatua del Cristo Redentor. Estarás a unos 793 metros de altura sobre las verdes colinas de Puerto Plata, rodeado de impresionantes vistas del Océano Atlántico con sus hermosas playas en la distancia. Una vez en la cima, camina por los hermosos jardines botánicos llenos de flora local, cuevas, y un montón de áreas para descansar del sol.",es,Puerto Plata,Aventura y Ecoturismo|Excursiones|Familia|Parques Nacionales + Áreas Protegidas|Puntos de Interés|Senderismo,https://www.godominicanrepublic.com/wp-content/uploads/2017/12/bg_puerto_plata.jpg,,,,,,"a:6:{s:7:""address"";s:39:""Unnamed Road, 57000, Dominican Republic"";s:3:""lat"";s:18:""19.764108687489774"";s:3:""lng"";s:17:""-70.7106363773346"";s:4:""zoom"";s:0:"""";s:10:""center_lat"";s:0:"""";s:10:""center_lng"";s:0:"""";}"
19596,Ocean World Adventure Park,"Los visitantes que sueñan con nadar con delfines podrán cumplir su sueño en Ocean World Adventure Park, ubicado en Cofresí, a unos escasos cinco kilómetros al oeste de la ciudad de Puerto Plata. Aparte de los delfines, niños y adultos podrán disfrutar de una variedad de experiencias marinas, desde shows con leones marinos y tiburones nodriza hasta un área de pájaros exóticos, y hacer snorkel en un arrecife de coral artificial repleto de peces tropicales. Para más aventura, deslízate por el tobogán gigante que desemboca en una laguna artificial.",es,Cofresí|Puerto Plata,Excursiones|Familia|Parques Recreativos,https://www.godominicanrepublic.com/wp-content/uploads/2017/12/OceanWorld1-XL.jpg,,www.oceanworld.net,-2099,,,"a:6:{s:7:""address"";s:26:""Ocean World Adventure Park"";s:3:""lat"";s:9:""19.826211"";s:3:""lng"";s:18:""-70.73025899999999"";s:4:""zoom"";s:0:"""";s:10:""center_lat"";s:0:"""";s:10:""center_lng"";s:0:"""";}"
19606,Sosúa,"Esta localidad es famosa por su enorme playa de olas suaves y forma de media luna, y por su santuario marino, lo que la hace una zona ideal para la práctica del buceo. En el área de El Batey, a pocos pasos de una gran cantidad de restaurantes, todos disfrutan de la nueva playa Alicia. El Museo Judío cuenta la increíble historia de los fundadores europeos de esta ciudad.",es,Puerto Plata,Familia|Puntos de Interés,https://www.godominicanrepublic.com/wp-content/uploads/2017/12/View-of-Sosua.jpg,,,,19.7655949,-70.5163178,"a:6:{s:7:""address"";s:21:""Jewish Museum, Sosúa"";s:3:""lat"";s:10:""19.7655949"";s:3:""lng"";s:18:""-70.51631780000002"";s:4:""zoom"";s:0:"""";s:10:""center_lat"";s:0:"""";s:10:""center_lng"";s:0:"""";}"
19762,27 Charcos de Damajagua,"El tesoro de aventura más preciado de Puerto Plata, las cascadas de los 27 Charcos de Damajagua ofrecen un día completo de senderismo a través de espesos bosques, cruzando puentes y descubriendo la flora dominicana, antes de llegar a la cima rocosa de una colina desde donde comenzará tu recorrido hacia abajo, saltando o deslizándote por una serie de cascadas. El equipo de seguridad es de uso obligatorio mientras te deslizas por toboganes acolchados por agua, o saltas a profundas piscinas de color turquesa. La mayoría de las excursiones solo ofrecen llevarte a través de siete cascadas, ya que llegar a las 27 está reservado solo para los más aventureros en buena condición física. Dirigido por guías locales que viven dentro de la comunidad, las tarifas de entrada al parque benefician a todos sus residentes, lo que lo convierte en una situación beneficiosa para todos. El parque está ubicado aproximadamente a una hora de la ciudad de Puerto Plata. ¬°Si te atreves al desafío de los 27 charcos, podrás con cualquier otra aventura en República Dominicana!",es,Puerto Plata,Aventura y Ecoturismo|Barranquismo + Rapel|Cascadas|Cenotes + Manantiales|Excursiones|Familia|Parques Nacionales + Áreas Protegidas,https://www.godominicanrepublic.com/wp-content/uploads/2014/08/damajagua-puerto-plata5.jpg,,http://www.27charcos.com ,,,,"a:6:{s:7:""address"";s:19:""Saltos de Damajagua"";s:3:""lat"";s:10:""19.7344313"";s:3:""lng"";s:18:""-70.81916920000003"";s:4:""zoom"";s:0:"""";s:10:""center_lat"";s:0:"""";s:10:""center_lng"";s:0:"""";}"
19765,Playa Cabarete,"El hub caribeño para windsurf, kitesurf, y navegación con láser, Playa Cabarete, también conocida como Kite Beach en su extremo oeste, es donde podrás aprender y practicar deportes acuáticos de viento todo el año. Los fines de semana, sobre todo en verano, la playa está repleta de cometas y velas, lo que brinda oportunidades fotográficas de ensueño. Si no eres fanático de los deportes, también tendrás mucho espacio para nadar y relajarte delante de los numerosos restaurantes, bares y tiendas en el lado este de la playa. A lo largo del año se celebran varios campeonatos internacionales de kitesurf, y podrás encontrar alojamiento en uno de los muchos hoteles y apartamentos modernos disponibles para alquilar a lo largo de la playa.",es,Puerto Plata,Aventura y Ecoturismo|Familia|Playas|Deportes Acuáticos>Surf + Kitesurf,https://www.godominicanrepublic.com/wp-content/uploads/2017/12/cabarete3.jpg,,,,,,"a:6:{s:7:""address"";s:52:""Paseo Don Chiche, Cabarete 57000, Dominican Republic"";s:3:""lat"";s:18:""19.750578361248646"";s:3:""lng"";s:18:""-70.40895223617554"";s:4:""zoom"";s:0:"""";s:10:""center_lat"";s:0:"""";s:10:""center_lng"";s:0:"""";}"
19841,Cayo Arena (Paraíso),Aquí encontrará una naturaleza intacta de arenas blancas y aguas cristalinas. Puede practicar snorkeling en un arrecife de coral y contemplar los manglares y las lagunas.,es,Montecristi|Puerto Plata,Deportes Acuáticos>Buceo + Snorkeling|Excursiones,,,,,19.83401018,-71.23161987,"a:6:{s:7:""address"";s:51:""Unnamed Road, Punta Rucia 57000, Dominican Republic"";s:3:""lat"";s:16:""19.8340101817018"";s:3:""lng"";s:18:""-71.23161987039185"";s:4:""zoom"";s:0:"""";s:10:""center_lat"";s:0:"""";s:10:""center_lng"";s:0:"""";}"
19870,Visite Santiago de los Caballeros,"Es la segunda ciudad más grande de República Dominicana, ubicada en el ""corazón"" del Valle del Cibao. Este es un tour muy interesante con visitas al Monumento de la Restauración, las pinturas en el Centro León y la pequeña casa museo de la familia León, que muestra las compañías manufactureras de cigarros del país.",es,Puerto Plata,Excursiones,,,,,,,"a:6:{s:7:""address"";s:32:""Visit Santiago de los Caballeros"";s:3:""lat"";s:10:""19.4509186"";s:3:""lng"";s:11:""-70.6947356"";s:4:""zoom"";s:0:"""";s:10:""center_lat"";s:0:"""";s:10:""center_lng"";s:0:"""";}"
19871,Visite Jarabacoa,"Está ubicado en las montañas de la Cordillera Central, donde se pueden admirar algunos de los pinos más bellos del país. Usted visitará el Santuario de Las Mercedes, el pueblo de Jarabacoa, e incluso hará un paseo a caballo. El recorrido concluye con un baño en las aguas blancas del Salto de Baiguate.",es,Puerto Plata,Excursiones,https://www.godominicanrepublic.com/wp-content/uploads/2017/12/jarabacoa-caballos.jpg,,,,19.2796753,-70.5504151,"a:6:{s:7:""address"";s:33:""Santuario Las Mercedes, Jarabacoa"";s:3:""lat"";s:10:""19.2796753"";s:3:""lng"";s:18:""-70.55041510000001"";s:4:""zoom"";s:0:"""";s:10:""center_lat"";s:0:"""";s:10:""center_lng"";s:0:"""";}"
19872,Sendero De Cacao Guananico,"El camino para llegar a Guananico, una comunidad rica en agricultura donde crecen orgánicamente cítricos, cacao y otras frutas, es tan pintoresco como la propia Hacienda Cufa, propiedad de la familia. Al entrar, comenzarás una ruta con siete paradas que te llevarán a través de campos de cacao mientras aprendes sobre la historia del chocolate y su proceso desde el grano hasta la barra. Por último, visitarás la choza del chocolate, donde tendrán lugar unas deliciosas degustaciones, con chocolate en todas sus formas y sabores. Además, hay un área de spa al aire libre donde podrás obtener un facial de chocolate antes de un almuerzo típico dominicano que se sirve bajo un techo de palapa.",es,Puerto Plata,Excursiones|Familia|Senderos de Plantaciones,https://www.godominicanrepublic.com/wp-content/uploads/2017/11/cacao7-X3.jpg,,https://haciendacufa.blogspot.com ,-6370,,,"a:6:{s:7:""address"";s:58:""Guananico - Puerto Plata, Puerto Plata, Dominican Republic"";s:3:""lat"";s:10:""19.7912031"";s:3:""lng"";s:18:""-70.70075079999998"";s:4:""zoom"";s:0:"""";s:10:""center_lat"";s:0:"""";s:10:""center_lng"";s:0:"""";}"
19875,Funny Bikes,Esta es otra opción para conocer la mayor parte del campo dominicano. Conduzca su propio 4x4 a través de cañaverales y arroyos; visite a los dominicanos locales y a los haitianos que viven en la zona para que conozca de cerca sus culturas.,es,Puerto Plata,Excursiones,,,,,19.7658729,-70.5160813,"a:6:{s:7:""address"";s:59:""El Batey, Sosúa, Puerto Plata Province, Dominican Republic"";s:3:""lat"";s:10:""19.7658729"";s:3:""lng"";s:11:""-70.5160813"";s:4:""zoom"";s:0:"""";s:10:""center_lat"";s:0:"""";s:10:""center_lng"";s:0:"""";}"
19878,Safaris De Interior En Puerto Plata,"El paisaje marino de Puerto Plata, repleto de pintorescos pueblos, playas, colinas y bosques, fue hecho para los safaris. Aquí encontrarás la mayor oferta de excursiones de safari, ya sea en un vehículo todo terreno o conduciendo tu propio quad, por caminos de tierra repletos de baches. Te sumergirás rápidamente en el característico paisaje de Puerto Plata, parando en casas de locales para tomar un café, en miradores a lo largo de la costa Atlántica para tomar fotos, en tierras de cultivo para probar café y cacao, e incluso para montar a caballo antes de volver a tu hotel.",es,Puerto Plata,Excursiones|Familia|Safaris por Tierra,,,,,,,
19879,Saltos de Damajagua,"Tómese una hora para ir de excursión por la montaña y saltar y deslizarse por los 27 saltos del río Damajagua, o viva una aventura más corta sólo hasta los 7 primeros saltos. Esta aventura, a media hora de la ciudad de Puerto Plata, está dirigida por guías locales de la comunidad y es para aquellos que están en buena forma física.",es,Puerto Plata,Excursiones,,,,,,,"a:6:{s:7:""address"";s:19:""Saltos de Damajagua"";s:3:""lat"";s:10:""19.7344313"";s:3:""lng"";s:11:""-70.8191692"";s:4:""zoom"";s:0:"""";s:10:""center_lat"";s:0:"""";s:10:""center_lng"";s:0:"""";}"
19882,Descubra Puerto Plata,"Visite la ciudad de Puerto Plata, su histórico Parque Central, la Fortaleza de San Felipe, el Museo del Ámbar, el Museo Gregorio Luperón y la Fábrica de Ron Brugal.",es,Puerto Plata,Excursiones,,,,,19.804056,-70.695946,"a:6:{s:7:""address"";s:89:""Fortaleza San Felipe, Avenida General Gregorio Luperón, Puerto Plata, Dominican Republic"";s:3:""lat"";s:9:""19.804056"";s:3:""lng"";s:18:""-70.69594599999999"";s:4:""zoom"";s:0:"""";s:10:""center_lat"";s:0:"""";s:10:""center_lng"";s:0:"""";}"
19901,Monkey Jungle,"Ubicado en 280 hectáreas de tierra de cultivo entre Sosúa y Cabarete, a nueve kilómetros de la carretera que lleva al Parque Nacional El Choco, Monkey Jungle enamora a todo el que lo visita gracias a su entorno y oferta recreativa. El parque cuenta con una población de monos capuchino, un zipline de siete estaciones, un jardín botánico, y una antigua cueva taína a la que podrás descender 18 metros bajo la tierra. Los monos del parque se entremezclan con los visitantes, posando para que les hagas fotos y subiéndose en tu hombro, si los dejas. El parque también sirve como un centro de recuperación para capuchinos rescatados. Recorre los hermosos jardines botánicos escondidos dentro de una gruta, lánzate en el zipline sobrevolando la finca, algunos de cables miden hasta alrededor de 240 metros de largo, o enfréntate al Cave Descender, una caída de 18 metros controlada por cable dentro de una cueva. Todas las ganancias de los tours están destinadas a financiar una clínica médica y dental que se encuentra en la granja.",es,Puerto Plata,Aventura y Ecoturismo|Excursiones|Familia|Parques Recreativos|Ziplines,,,www.monkeyjungledr.com,-6032,,,"a:6:{s:7:""address"";s:33:""Monkey Jungle, Dominican Republic"";s:3:""lat"";s:9:""19.712652"";s:3:""lng"";s:18:""-70.47197879999999"";s:4:""zoom"";s:0:"""";s:10:""center_lat"";s:0:"""";s:10:""center_lng"";s:0:"""";}"
20158,Downtown Puerto Plata,"The Neoclassical and Victorian-style houses from the late 19th century give downtown Puerto Plata its unmistakable charm. Many of the houses now serve as shops, bars and clubs serving tourists. A campaign to improve signage is helping tourists discover the leading historical monuments in Puerto Plata, especially in and around the main square, including the San Felipe Cathedral, the Club de Comercio, Ayuntamiento, Club Fe en el Porvenir and the central gazebo.",en,Puerto Plata,Iconic Sights,,,,,19.7807686,-70.6871091,"a:6:{s:7:""address"";s:21:""Downtown Puerto Plata"";s:3:""lat"";s:10:""19.7807686"";s:3:""lng"";s:18:""-70.68710909999999"";s:4:""zoom"";s:0:"""";s:10:""center_lat"";s:0:"""";s:10:""center_lng"";s:0:"""";}"
20237,Destilería Ron Brugal,"El mayor productor de ron tradicional del país desde 1888, Brugal es añejado en alrededor de 200,000 barricas de roble blanco americano en la destilería de la ciudad de Puerto Plata. Visita la destilería y aprende sobre la fabricación de esta marca tan popular, y termina el tour con una degustación de ron, así como la posibilidad de comprar rones premium a buen precio.",es,Puerto Plata,Puntos de Interés|Ron + Cigarros,https://www.godominicanrepublic.com/wp-content/uploads/2017/12/Extra-Viejo-with-glass.jpg,,https://www.brugal-rum.com/,-2957,,,"a:6:{s:7:""address"";s:18:""Brugal Rum Factory"";s:3:""lat"";s:10:""19.7790601"";s:3:""lng"";s:18:""-70.66910139999999"";s:4:""zoom"";s:0:"""";s:10:""center_lat"";s:0:"""";s:10:""center_lng"";s:0:"""";}"
20238,Malecón de Puerto Plata,"Los residentes de Puerto Plata declaran con orgullo que el suyo es el bulevar frente al mar más hermoso de República Dominicana. Y lo entenderás cuando veas las múltiples playas de arena blanca que bordean la avenida principal de la ciudad, cada una con su nombre. Aparte de los días de playa en el centro de la ciudad, la larga y sombreada acera del bulevar es ideal para los paseos matutinos o nocturnos, los amaneceres aquí son espectaculares. También podrás hacer una parada en uno de los distintos bares y restaurantes que bordean el Malecón, o dar un paseo en bicicleta por el carril bici. Disfruta de la brisa, toma una copa al atardecer o ejercítate caminando a lo largo del Malecón hasta Long Beach. Todo el año se llevan a cabo numerosos eventos a lo largo del bulevar, incluyendo el Carnaval de Puerto Plata.",es,Puerto Plata,Familia|Puntos de Interés,https://www.godominicanrepublic.com/wp-content/uploads/2017/12/puerto-plata-rconti-131.jpg,,,,,,"a:6:{s:7:""address"";s:24:""Malecón de Puerto Plata"";s:3:""lat"";s:10:""19.7953481"";s:3:""lng"";s:11:""-70.6813148"";s:4:""zoom"";s:0:"""";s:10:""center_lat"";s:0:"""";s:10:""center_lng"";s:0:"""";}"
20239,El Centro de Puerto Plata,"Las casas de estilo neoclásico y victoriano de finales del siglo XIX le dan a Puerto Plata un encanto inconfundible. Muchas de ellas son ahora tiendas, bares y clubes que sirven a los turistas. Una campaña para mejorar la señalización está ayudando a los turistas a descubrir los principales atractivos históricos de Puerto Plata, especialmente por los alrededores del parque principal, entre los que se incluyen la Catedral de San Felipe, el Club de Comercio, el Ayuntamiento, el Club Fé en el Porvenir y la glorieta central.",es,Puerto Plata,Puntos de Interés,,,,,19.7807686,-70.6871091,"a:6:{s:7:""address"";s:21:""Downtown Puerto Plata"";s:3:""lat"";s:10:""19.7807686"";s:3:""lng"";s:18:""-70.68710909999999"";s:4:""zoom"";s:0:"""";s:10:""center_lat"";s:0:"""";s:10:""center_lng"";s:0:"""";}"
20240,Pontificia Universidad Católica Madre y Maestra,"Es la mayor universidad privada de República Dominicana. Su campus, que cuenta con extensas áreas verdes, ha crecido muy rápidamente.",es,Santiago,Puntos de Interés,https://www.godominicanrepublic.com/wp-content/uploads/2017/12/Tep_PUCMM.jpg,,,,19.4436005,-70.6843785,"a:6:{s:7:""address"";s:58:""Pontificia Universidad Católica Madre y Maestra, santiago"";s:3:""lat"";s:10:""19.4436005"";s:3:""lng"";s:18:""-70.68437849999998"";s:4:""zoom"";s:0:"""";s:10:""center_lat"";s:0:"""";s:10:""center_lng"";s:0:"""";}"
20241,El Arena del Cibao,"Una instalación moderna donde se llevan a cabo torneos de baloncesto (generalmente en primavera) en los que se enfrentan los equipos de las diferentes zonas de la ciudad, en una batalla por ser los campeones locales. Durante el verano, se llevan a cabo los juegos regionales y nacionales. El equipo local de baloncesto es ‚ÄúLos Metros‚Äù.",es,Santiago,Puntos de Interés,https://www.godominicanrepublic.com/wp-content/uploads/2017/12/Arena_Del_Cibao_Dr._Oscar_Gobaira.jpg,,,,19.4653224,-70.7095788,"a:6:{s:7:""address"";s:15:""Arena del Cibao"";s:3:""lat"";s:10:""19.4653224"";s:3:""lng"";s:18:""-70.70957880000003"";s:4:""zoom"";s:0:"""";s:10:""center_lat"";s:0:"""";s:10:""center_lng"";s:0:"""";}"
20245,Centro de la Cultura,"En este centro cultural, donde funciona la escuela de Bellas Artes, se presentan regularmente diferentes espectáculos artísticos. También alberga uno de los mejores grupos de danzas folclóricas del país. Ubicado en las calles El Sol y Antonio Guzmán.",es,Santiago,Puntos de Interés,,,,,19.4511313,-70.7074538,"a:6:{s:7:""address"";s:20:""Centro de la Cultura"";s:3:""lat"";s:10:""19.4511313"";s:3:""lng"";s:11:""-70.7074538"";s:4:""zoom"";s:0:"""";s:10:""center_lat"";s:0:"""";s:10:""center_lng"";s:0:"""";}"
20246,Estadio Cibao,"El Estadio Cibao es el hogar del club de béisbol Águilas Cibaeñas, y allí se juegan partidos de béisbol profesional desde mediados de octubre hasta finales de enero. No deje de asistir a un partido de béisbol en este estadio: el entretenimiento que ofrece el juego es igualado sólo por el entusiasmo incontenible de los leales y bulliciosos fanáticos del equipo. Ubicado en la avenida Imbert.",es,Santiago,Puntos de Interés,https://www.godominicanrepublic.com/wp-content/uploads/2017/12/Dom_Rep4135-XL.jpg,,,,19.4670599,-70.7090409,"a:6:{s:7:""address"";s:13:""Estadio Cibao"";s:3:""lat"";s:10:""19.4670599"";s:3:""lng"";s:18:""-70.70904089999999"";s:4:""zoom"";s:0:"""";s:10:""center_lat"";s:0:"""";s:10:""center_lng"";s:0:"""";}"
20247,Gran Teatro del Cibao,"El arquitecto dominicano Teófilo Carbonell construyó este impactante edificio de mármol blanco en 1995, inspirándose en el Teatro Nacional de Santo Domingo. El Gran Teatro del Cibao se encuentra justo frente del monumento histórico de la ciudad, está rodeado de un exuberante jardín y cuenta con tres niveles con grandes salas de caoba y mármol. La sala principal, Sala de la Restauración, tiene una capacidad para 1,600 personas y es el mayor escenario cubierto de la ciudad. El prestigioso teatro presenta numerosas obras, nacionales e internacionales, espectáculos de danza, óperas y conciertos durante todo el año.",es,Santiago,Familia|Puntos de Interés|Teatros,https://www.godominicanrepublic.com/wp-content/uploads/2017/12/Gran-Teatro-del-Cibao.jpg,,,-2541,,,"a:6:{s:7:""address"";s:21:""Gran Teatro del Cibao"";s:3:""lat"";s:10:""19.4511441"";s:3:""lng"";s:18:""-70.69232999999997"";s:4:""zoom"";s:0:"""";s:10:""center_lat"";s:0:"""";s:10:""center_lng"";s:0:"""";}"
20270,Palacio Consistorial,"Ubicado en una renovada casa neoclásica del siglo XIX, en el centro de la ciudad en el lado sur del Parque Duarte, el Palacio Consistorial fue en antaño el ayuntamiento de la ciudad. Hoy en día es un museo contemporáneo que muestra la historia de Santiago a través de fotografías de finales de siglo XIX y principios del XX. Incluye una sala centrada únicamente en la cultura del carnaval. Dirígete al segundo piso para ver las vistas del centro de la ciudad desde los balcones.",es,Santiago,Familia|Puntos de Interés,https://www.godominicanrepublic.com/wp-content/uploads/2017/12/Palacio-Consistorial-Ciu-copy.jpg,,,,,,"a:6:{s:7:""address"";s:83:""Palacio Consistorial, Calle Del Sol, Santiago De Los Caballeros, Dominican Republic"";s:3:""lat"";s:10:""19.4511187"";s:3:""lng"";s:18:""-70.70704289999998"";s:4:""zoom"";s:0:"""";s:10:""center_lat"";s:0:"""";s:10:""center_lng"";s:0:"""";}"
20271,Museo de Arte Folklórico Tomás Morel,El origen de este museo se remonta a las competencias organizadas por Tomás Morel para elegir las mejores máscaras de carnaval. Esta invaluable colección puede verse en el pequeño museo situado en la calle Restauración.,es,Santiago,Puntos de Interés,,,,,,,"a:6:{s:7:""address"";s:38:""Museo de Arte Folklórico Tomás Morel"";s:3:""lat"";s:10:""19.4530457"";s:3:""lng"";s:11:""-70.7079597"";s:4:""zoom"";s:0:"""";s:10:""center_lat"";s:0:"""";s:10:""center_lng"";s:0:"""";}"
20272,Centro Cultural León Jimenes,"El primer piso del centro cuenta con una hermosa serie de exhibiciones permanentes que muestran la historia y la cultura dominicana que se remonta a los tiempos de los taínos. También encontrarás una sala dedicada a las artes visuales donde se exponen las piezas ganadoras del Concurso de Arte Eduardo León Jimenes, creado en 1964 para promover el arte y alentar a las nuevas generaciones de artistas dominicanos. En un edificio adyacente, encontrarás una exposición centrada en el tabaco, que cuenta la herencia de la industria tabacalera de primera calidad de República Dominicana. Al final del recorrido podrás comprar souvenirs hechos a mano únicos en la tienda de regalos.
www.centroleon.org.do",es,Santiago,Familia|Museos|Puntos de Interés,https://www.godominicanrepublic.com/wp-content/uploads/2017/12/Centro-Leon-in-Santiago-1920x1080.jpg,,https://centroleon.org.do,-3705,,,"a:6:{s:7:""address"";s:29:""Centro Cultural León Jimenes"";s:3:""lat"";s:10:""19.4634721"";s:3:""lng"";s:18:""-70.67095949999998"";s:4:""zoom"";s:0:"""";s:10:""center_lat"";s:0:"""";s:10:""center_lng"";s:0:"""";}"
20285,Museo Judío,"Aprende sobre la vida de los trabajadores europeos que huyeron de la Europa Nazi, tras haber recibido visas del entonces líder dominicano y dictador Rafael Trujillo, y comenzaron su vida de nuevo como ganaderos y agricultores en Sosúa, en la costa norte de República Dominicana, en la década de 1940. A través del uso de fotografías en blanco y negro, cartas y muestras históricas, el Museo Judío cuenta y conmemora las vidas de la comunidad judía en el país, y su papel principal en la próspera industria cárnica y láctea de la zona.",es,Puerto Plata,Familia|Museos|Puntos de Interés,https://www.godominicanrepublic.com/wp-content/uploads/2017/12/museo-judi-o-sosu-a2.jpg,,,-2765,,,"a:6:{s:7:""address"";s:51:""Dr.Alejo Martinez, Sosúa 57000, Dominican Republic"";s:3:""lat"";s:18:""19.765561362306432"";s:3:""lng"";s:18:""-70.51629424095154"";s:4:""zoom"";s:0:"""";s:10:""center_lat"";s:0:"""";s:10:""center_lng"";s:0:"""";}"
20286,Fortaleza San Felipe,"Un punto clave en la historia de Puerto Plata, la Fortaleza San Felipe fue construida por los españoles en el siglo XVI para defender la costa norte del país de los ingleses y holandeses, así como de los piratas franceses en busca del abundante oro y plata de la zona. Se considera una de las estructuras militares coloniales más importantes del Caribe, fue terminada en 1577 y más adelante sirvió como prisión hasta los años del dictador Trujillo. Hoy en día es un museo que exhibe los cañones originales mirando hacia el Atlántico, armas antiguas, y numerosas cámaras secretas. Ofrece unas vistas espectaculares sobre la costa de Puerto Plata y mirar el atardecer desde el pie de la fortaleza, al lado del parque La Puntilla, es una actividad diaria de los puertoplateños.",es,Puerto Plata,Familia|Puntos de Interés,https://www.godominicanrepublic.com/wp-content/uploads/2017/12/22-puerto-plata-cabaretefortaleza-de-san-felipe-3-1920x1080.jpg,,,,,,"a:6:{s:7:""address"";s:20:""Fortaleza San Felipe"";s:3:""lat"";s:9:""19.804056"";s:3:""lng"";s:18:""-70.69594599999999"";s:4:""zoom"";s:0:"""";s:10:""center_lat"";s:0:"""";s:10:""center_lng"";s:0:"""";}"
20287,Museo Gregorio Luperón,"Inaugurado en 2012, esta casa victoriana restaurada es una de las más bonitas de Puerto Plata. El Museo Gregorio Luperón cuenta la historia de este héroe nacional, General Gregorio Luperón, líder reconocido de la victoria de las fuerzas dominicanas quienes restauraron la independencia de España en 1865. El museo de dos plantas tiene en exhibición artículos de la época, desde trajes a muebles, y una galería de fotos. El patio español es un agradable eje central, flanqueado por un colorido mural representando al General Luperón.",es,Puerto Plata,Familia|Museos|Puntos de Interés,https://www.godominicanrepublic.com/wp-content/uploads/2017/12/museo-gregorio-lupero-n.-puerto-plata.jpg,,http://www.museogregorioluperon.com,-9730,,,"a:6:{s:7:""address"";s:23:""Museo Gregorio Luperón"";s:3:""lat"";s:8:""19.79824"";s:3:""lng"";s:10:""-70.691351"";s:4:""zoom"";s:0:"""";s:10:""center_lat"";s:0:"""";s:10:""center_lng"";s:0:"""";}"
20288,Museo del Ámbar,"El Museo del Ámbar de Puerto Plata, ubicado en el centro de la ciudad en una casa de estilo victoriano, tiene en exhibición en varias plantas algunas de las piedras más impresionantes de ámbar dominicano, incluyendo muestras que contienen fósiles animales. En una habitación diseñada como cueva, podrás ver en primer plano piedras que contienen un lagarto de casi 43 centímetros, un escorpión, un ciempiés, un nido de avispas, y dos escarabajos apareándose, todas las cuales datan de 15 a 20 millones de años. También hay piedras de ámbar con mariposas y flores. En la famosa película de Steven Spielberg, Parque Jurásico, se utilizó una piedra de ámbar con mosquitos ubicados dentro de la misma.",es,Puerto Plata,Familia|Museos|Piedras Preciosas|Puntos de Interés,https://www.godominicanrepublic.com/wp-content/uploads/2018/03/ambermuseum2.jpg,,www.ambermuseum.com,-4242,,,"a:6:{s:7:""address"";s:58:""Museo Del Ámbar, Duarte, Puerto Plata, Dominican Republic"";s:3:""lat"";s:10:""19.7965723"";s:3:""lng"";s:11:""-70.6922664"";s:4:""zoom"";s:0:"""";s:10:""center_lat"";s:0:"""";s:10:""center_lng"";s:0:"""";}"
20305,Monumento a los Héroes de la Restauración,"Todas las visitas a Santiago incluyen una parada obligatoria en El Monumento, la emblemática torre de mármol blanco de la ciudad, rodeada en todos sus lados por un jardín de varios niveles y con vistas panorámicas de la ciudad. Se puede recorrer el interior del monumento de 67 metros de altura, que lleva el nombre de los héroes de la Guerra de La Restauración (1863-1865) que murieron en la lucha por recuperar la independencia de España. En cinco plantas se exhiben las principales batallas históricas de República Dominicana, así como las pinturas que el artista español, Vela Zanetti, creó durante su exilio después de la Guerra Civil española. En el quinto piso hallarás la máxima recompensa: una espectacular vista panorámica de la ciudad de Santiago desde un balcón envolvente, con la Cordillera Central en el fondo.",es,Santiago,Familia|Museos|Puntos de Interés,https://www.godominicanrepublic.com/wp-content/uploads/2017/12/santiago.jpg,,,-2440,,,"a:6:{s:7:""address"";s:43:""Monumento a los Héroes de la Restauración"";s:3:""lat"";s:10:""19.4509186"";s:3:""lng"";s:11:""-70.6947356"";s:4:""zoom"";s:0:"""";s:10:""center_lat"";s:0:"""";s:10:""center_lng"";s:0:"""";}"
62495,Fortaleza San Luís,"Construida a principios del siglo XIX, esta fortaleza de tonos amarillos tiene una hermosa y ornamentada puerta exterior con dos cañones que dan a la ciudad. Un puesto de defensa clave durante la Guerra de La Restauración, los marines de EE.UU. también usaron este fuerte como base durante la primera ocupación estadounidense en República Dominicana (1916-1924). Dentro del complejo encontrarás múltiples cañones y tanques del ejército en exhibición, así como las estatuas de los héroes de la independencia dominicana y otras figuras históricas importantes. La fortaleza sirvió como prisión en años posteriores. En 2005, abrió sus puertas un pequeño museo que exhibe numerosos artefactos y objetos culturales taínos, así como pinturas, espadas de la época y fotografías de la ocupación estadounidense.",es,Santiago,Familia|Museos|Puntos de Interés,,,http://www.fortalezasanluis.org/index_eng.html,-3063,19.4480365,-70.7029076,"a:6:{s:7:""address"";s:90:""Fortaleza San Luis (Museo), Calle San Luis, Santiago De Los Caballeros, Dominican Republic"";s:3:""lat"";s:10:""19.4480365"";s:3:""lng"";s:11:""-70.7029076"";s:4:""zoom"";s:0:"""";s:10:""center_lat"";s:0:"""";s:10:""center_lng"";s:0:"""";}"
62501,Casa de Arte,"Un punto de encuentro para mentes creativas, Casa de Arte se encuentra en el centro histórico de la ciudad de Santiago en una renovada casa victoriana. La galería va rotando sus exposiciones de artistas dominicanos, y a menudo ofrece música en vivo o actuaciones teatrales por las noches. Relájate en su agradable patio después de ver las exhibiciones.",es,Santiago,Familia|Museos,https://www.godominicanrepublic.com/wp-content/uploads/2018/03/3.jpg,,,-9118,,,"a:6:{s:7:""address"";s:74:""Casa de Arte, Bto. Moncion, Santiago De Los Caballeros, Dominican Republic"";s:3:""lat"";s:10:""19.4527515"";s:3:""lng"";s:18:""-70.70680470000002"";s:4:""zoom"";s:0:"""";s:10:""center_lat"";s:0:"""";s:10:""center_lng"";s:0:"""";}"
62502,Museo Hermanas Mirabal,"Las hermanas Mirabal, las queridas heroínas de República Dominicana, son conmemoradas en parte a través de este museo que antes era su hogar en el pequeño pueblo de Salcedo, aproximadamente a una hora de Santiago. Las hermanas son conocidas por luchar para derrocar al ex dictador Rafael Leónidas Trujillo, y fueron asesinadas por los hombres de Trujillo, lo que finalmente llevó al fin el gobierno más brutal de República Dominicana. El museo está rodeado de un hermoso jardín y en su interior se exhiben los efectos personales de la familia Mirabal, incluyendo muebles de época dentro de las habitaciones. El museo cuenta con una tienda de regalos, así como una librería.",es,Santiago,Familia|Museos,,,,-9925,19.3912077,-70.384578,"a:6:{s:7:""address"";s:51:""Museo Hermanas Mirabal, Salcedo, Dominican Republic"";s:3:""lat"";s:10:""19.3912077"";s:3:""lng"";s:18:""-70.38457799999998"";s:4:""zoom"";s:0:"""";s:10:""center_lat"";s:0:"""";s:10:""center_lng"";s:0:"""";}"
62503,Catedral Santiago Apostol,"Ubicada frente al parque central de la ciudad, esta catedral católica de estilo gótico y neoclásico, data del siglo XIX. Se mantiene en pie después de haber sufrido muchos terremotos y restauraciones. Recorre su hermoso interior, donde se encuentran los restos del ex líder dominicano, Ulises Heureaux, así como otras personalidades notables de los siglos XIX y XX y admira sus impresionantes vitrales.",es,Santiago,Familia|Iglesias,,,,,19.4501477,-70.7067177,"a:6:{s:7:""address"";s:87:""Catedral Santiago Apóstol, 30 De Marzo, Santiago De Los Caballeros, Dominican Republic"";s:3:""lat"";s:10:""19.4501477"";s:3:""lng"";s:18:""-70.70671770000001"";s:4:""zoom"";s:0:"""";s:10:""center_lat"";s:0:"""";s:10:""center_lng"";s:0:"""";}"
62504,La Aurora,"Fundada en 1903, La Aurora de Santiago es la productora y exportadora número uno de cigarros premium del país. Apúntate a un recorrido gratuito de una hora por su fábrica en Tamboril, en las afueras de Santiago, y conoce la historia de la familia fundadora León, y su historia e incursión en la industria. Camina alrededor de la fábrica mientras observas el proceso de enrollado del cigarro. Aprenderás a enrollar, sostener y fumarte tu propio puro. La visita incluye una parada en la impresionante galería de puros antiguos de la fábrica. Al final del recorrido podrás comprar tus propias cajas de puros, desde Aurora Preferidos hasta León Jimenes Prestige, y otras marcas líderes a precios razonables.",es,Santiago,Ron + Cigarros,https://www.godominicanrepublic.com/wp-content/uploads/2018/03/ft.jpg,,http://www.laaurora.com.do,-3286,,,"a:6:{s:7:""address"";s:64:""La Aurora Cigars, Santiago De Los Caballeros, Dominican Republic"";s:3:""lat"";s:17:""19.46189099999999"";s:3:""lng"";s:18:""-70.67132629999998"";s:4:""zoom"";s:0:"""";s:10:""center_lat"";s:0:"""";s:10:""center_lng"";s:0:"""";}"
62505,Cigarros PDR,"Fábrica de cigarros boutique, PDR produce al año más de cinco millones de cigarros enrollados a mano en su fábrica de Tamboril, en las afueras de Santiago, donde se ubican la mayoría de las fábricas de puros de República Dominicana. En funcionamiento desde 2004, cuenta con cuatro marcas dominicanas de cuerpo medio: PDR 1878 Capa Oscura, PDR 1878 Capa Habana, PDR 1878 Capa Sun Grown y Flores y Rodríguez Cabinet Selección.",es,Santiago,Ron + Cigarros,https://www.godominicanrepublic.com/wp-content/uploads/2018/03/3-2.jpg,,http://www.pdrcigars.com,,,,
62506,Túbano,"La fábrica de cigarros de Túbano se encuentra en Villa González, al noroeste de Santiago. Este es otro excelente lugar para observar de cerca el proceso de enrollado de los cigarros mientras aprendes sobre el proceso de fabricación. ¬°Te sorprenderá la rapidez y habilidad con la cual se hacen! La tienda de regalos ofrece los mejores cigarros de la fábrica, así como otras artesanías dominicanas y souvenirs.",es,Santiago,Ron + Cigarros,,,,,19.5492116,-70.7852368,"a:6:{s:7:""address"";s:35:""Villa González, Dominican Republic"";s:3:""lat"";s:10:""19.5492116"";s:3:""lng"";s:11:""-70.7852368"";s:4:""zoom"";s:0:"""";s:10:""center_lat"";s:0:"""";s:10:""center_lng"";s:0:"""";}"
62507,La Flor Dominicana,"Otra de las marcas de cigarros premium más populares de República Dominicana, establecida en Santiago en 1996. Esta marca ha sido consistentemente clasificada entre las 25 mejores del mundo, con una gran selección de sus cigarros galardonados. Podrás recorrer las hermosas instalaciones de la fábrica de esta empresa boutique en Tamboril, en las afueras de Santiago. Pasarás de su sala de enrollado a sus salas de decapado, fermentación y añejamiento. Podrás probar los cigarros durante la visita y llevarte tus favoritos a casa.",es,Santiago,Ron + Cigarros,https://www.godominicanrepublic.com/wp-content/uploads/2018/03/img_7070.jpg,,http://laflordominicana.com,-6527,,,"a:6:{s:7:""address"";s:54:""Tabacalera La Flor (LFD), Tamboril, Dominican Republic"";s:3:""lat"";s:9:""19.486255"";s:3:""lng"";s:18:""-70.62015919999999"";s:4:""zoom"";s:0:"""";s:10:""center_lat"";s:0:"""";s:10:""center_lng"";s:0:"""";}"
62511,Parque Duarte,"Idealmente ubicado en el centro de la ciudad, el Parque Duarte es el lugar perfecto para descansar de las visitas a los puntos de interés de la ciudad. Este gran parque vallado, tiene un techo de árboles centenarios y está rodeado de edificios históricos, entre los cuales se encuentra la catedral, el antiguo ayuntamiento y la Calle del Sol, calle peatonal comercial. Siéntate en un banco y relájate mirando a los peatones pasar por uno de los parques más bonitos del país.",es,Santiago,Familia|Parques Urbanos,,,,,19.4509391,-70.7066248,"a:6:{s:7:""address"";s:76:""Parque Duarte, Calle Del Sol, Santiago De Los Caballeros, Dominican Republic"";s:3:""lat"";s:10:""19.4509391"";s:3:""lng"";s:18:""-70.70662479999999"";s:4:""zoom"";s:0:"""";s:10:""center_lat"";s:0:"""";s:10:""center_lng"";s:0:"""";}"
64339,Airport Wall,"Lugar favorito entre los buceadores habituales del área, ¬†el Airport Wall no solo es una inmersión adecuada para todos los niveles, sino que es considerada una de las más hermosas y mejores inmersiones en República Dominicana. Ubicada a solo unos minutos en bote de la playa de Sosúa, la inmersión en esta pared comienza a unos 10 metros y desciende hasta los 30 metros. Es uno de los puntos más ricos en vida marina y corales, la pared está cubierta por corales blandos y duros, y látigos de mar, donde los peces grandes y pequeños se esconden en las grietas y protuberancias. El área también está repleta de camarones y cangrejos. Alejándote de la pared, encontrarás y podrás explorar más pináculos y túneles.",es,Puerto Plata|Sosúa,Deportes Acuáticos>Buceo + Snorkeling,,,,,,,
64451,Ruta Del Ámbar,"La costa norte de República Dominicana es conocida por producir el ámbar más claro y antiguo del mundo. Esta piedra preciosa ganó fama mundial gracias a la película de Steven Spielberg, Parque Jurásico, que se inspiró en piezas de ámbar dominicano los cuales contienen insectos prehistóricos. Hoy en día, podrás recorrer las minas de ámbar en las colinas de La Cumbre, una comunidad ubicada frente a la Cordillera Septentrional, aproximadamente a 43 kilómetros de la ciudad de Puerto Plata. El tour incluye una exhibición educativa sobre la historia y propiedades del ámbar, y luego te lleva a caminar por las minas, pasando por las entradas a los hoyos que van hasta 61 metros de profundidad. Verás a los trabajadores desaparecer y reaparecer con piedras en la mano. Compra piedras en bruto a una fracción del precio de mercado, especialmente el raro ámbar azul que sólo se encuentra en el país, para que luego sean pulidas, talladas y fijadas en la joya de tu elección. También podrás encontrar los varios tipos de ámbar que se venden en joyerías y museos del ámbar en todo el país.",es,Puerto Plata,Familia|Piedras Preciosas|Senderismo,,,,,,,
64484,Anfiteatro La Puntilla,"Inaugurado en abril de 2017, La Puntilla es el recinto al aire libre más nuevo de Puerto Plata. Es un impresionante anfiteatro griego de 2,062 metros cuadrados frente al Océano Atlántico con capacidad para 4,000 espectadores. Flanqueado por la Fortaleza San Felipe, y el verde parque La Puntilla, es el escenario perfecto para conciertos, espectáculos de danza y otros eventos artísticos que se llevan a cabo aquí ocasionalmente con la participación de artistas dominicanos e internacionales.",es,Puerto Plata,Familia|Teatros,https://www.godominicanrepublic.com/wp-content/uploads/2018/03/dsc_1628_1.jpg,,,,,,"a:6:{s:7:""address"";s:60:""Desvio a la Puntilla, Puerto Plata 57000, Dominican Republic"";s:3:""lat"";s:17:""19.80368081004416"";s:3:""lng"";s:18:""-70.69461183782045"";s:4:""zoom"";s:0:"""";s:10:""center_lat"";s:0:"""";s:10:""center_lng"";s:0:"""";}"
64497,Tres Rocas,"A pocos minutos en bote de la costa de Sosúa, Three Rocks es uno de los puntos de buceo favoritos para los principiantes ya que se encuentra a solo nueve metros de profundidad. Estos tres pináculos de roca de coral albergan una gran variedad de peces tropicales, escuelas de pargos y de píntanos, así como camarones, rayas y morenas. Además, el suelo de arena blanca que rodea el arrecife, permitirá a los buceadores menos experimentados disfrutar de este paraíso submarino sin preocuparse de golpear o chocar con el coral.",es,Puerto Plata|Sosúa,Deportes Acuáticos>Buceo + Snorkeling,,,,,,,
64498,Larimar I &amp; Larimar II,"Ubicado a solo cinco minutos de la bahía de Sosúa, esta inmersión comienza en Larimar I, donde los buzos avanzados podrán explorar una pequeña pared cubierta de corales blandos que empieza a 16 metros de profundidad y continúa descendiendo hasta Larimar II, a 32 metros de profundidad. En esta pared residen numerosas criaturas marinas como morenas, peces trompeta, peces león, cangrejos, pulpos y muchos más que se esconden entre las grietas del arrecife.",es,Puerto Plata|Sosúa,Deportes Acuáticos>Buceo + Snorkeling,,,,,,,
64499,Calle Sin Salida,"En la bahía de Sosúa, los buceadores avanzados encontrarán la Calle Sin Salida, también conocida como ‚ÄúMini Wall‚Äù, donde pináculos de coral yacen en un laberinto entre pedazos de arena. Aquí podrás encontrar barracudas, morenas y calamares. La pequeña pendiente desciende hasta los 30 metros con una profundidad promedio de 15 metros, donde podrás ver una variedad de otras especies, desde pargos, localmente conocidos como chillos, a caballitos de mar.",es,Puerto Plata|Sosúa,Deportes Acuáticos>Buceo + Snorkeling,,,,,,,
64500,La Puntilla,"Fuera de la costa de Sosúa, este punto de buceo, conocido como La Puntilla, consiste de cuatro rocas que colapsaron creando un sistema de pasadizos, incluyendo cuevas, por el cual los buceadores podrán nadar al lado de barracudas y caballitos de mar. Su profundidad de 12 metros lo hace un lugar ideal para principiantes.",es,Puerto Plata|Sosúa,Deportes Acuáticos>Buceo + Snorkeling,,,,,,,
64502,El Cañón,"Ubicado en la Bahía de Sosúa, esta inmersión es apta para todos los niveles, se comienza en la parte más baja del arrecife, a 12 metros, y atraviesa una ruptura en el arrecife formado por las paredes del cañón. Desde aquí podrás bucear a lo largo de la pared mientras observas morenas, langostas y enormes cangrejos escondidos dentro de esponjas gigantes de barril. También podrás ver en abundancia a los meros, barracudas, pargos o chillos, cangrejos araña, anémonas, camarones, nudibranquios, peces sapo y preciosos caracoles lengua de flamenco.",es,Puerto Plata|Sosúa,Deportes Acuáticos>Buceo + Snorkeling,,,,,,,
64503,Pirámides,"Adecuada para buzos de todos los niveles, el punto ¬†de buceo poco profundo, Pirámides, de 18 metros, es una inmersión a la deriva alrededor de grandes rocas y piedras que se cayeron al mar, creando un montón de grietas y pasadizos repletas de coloridos corales para explorar.",es,Puerto Plata,Deportes Acuáticos>Buceo + Snorkeling,,,,,,,
64504,Naufragio Zingara,"Exclusivamente para buzos avanzados, el Zingara es un barco de carga de 36 metros de eslora que fue hundido intencionalmente cerca de la costa de Sosúa en 1992. Libre de obstrucciones, explorar el naufragio es completamente seguro y podrás observar una gran variedad de corales, esponjas y peces, incluyendo barracudas gigantes y morenas verdes de dos metros de largo. También podrás explorar la vida marina de una pared de coral adyacente cubierta con corales abanico y de látigo que permitirá subir gradualmente al mismo tiempo que llegas a una profundidad adecuada para la parada de seguridad antes de finalizar la inmersión.",es,Puerto Plata|Sosúa,Deportes Acuáticos>Buceo + Snorkeling,,,,,,,
64505,Cinco Rocas,"Ubicado entre Sosúa y la Pared del Aeropuerto, estas cinco grandes rocas de coral se extienden sobre una área de 100 metros y son el lugar ideal para buceadores principiantes. El arrecife comienza a unos cinco metros y el punto más profundo desciende a unos 24 metros de profundidad. Podrás ver una gran variedad de esponjas de barril y de tubo, así como morenas, cangrejos, langostas, pulpos y muchas escuelas de peces.",es,Puerto Plata|Sosúa,Deportes Acuáticos>Buceo + Snorkeling,,,,,,,
64508,Banco De La Plata,"La temporada de avistamiento de ballenas jorobadas en la Bahía de Samaná atrae visitantes de todo el mundo desde mediados de enero hasta marzo, cuando estos enormes mamíferos se dirigen a aguas dominicanas para reproducirse. Podrás nadar y hacer snorkel con estas majestuosas criaturas, pero solamente en el Santuario de Mamíferos Marinos Banco de la Plata, ubicado al norte de la costa de Puerto Plata, y sólo en tres embarcaciones aprobadas por el gobierno dominicano.",es,Puerto Plata,Deportes Acuáticos>Buceo + Snorkeling|Parques Nacionales + Áreas Protegidas,,,,,,,
64510,Cuevas de Cabarete,"Ubicadas dentro del bosque del Parque Nacional El Choco, las Cuevas de Cabarete muestran una red subterránea de cuevas que datan de millones de años. Las excursiones de senderismo desde el pueblo o los guías expertos del parque te llevarán a explorar las distintas cámaras. Tras bajar unos escalones hallarás la Cueva de Cristal, una cueva subterránea con una cámara oscura que alberga una piscina de agua dulce lo suficientemente profunda para que los buzos certificados la puedan explorar. Sobre la superficie, hallarás otras cuevas tras una empinada escalinata que te conducirá a vastas cámaras y túneles repletos de estalactitas y estalagmitas, así como arte rupestre.",es,Puerto Plata,Cuevas + Espeleología|Familia|Parques Nacionales + Áreas Protegidas|Senderismo,,,,,19.7134951,-70.4431911,"a:6:{s:7:""address"";s:42:""El Choco National Park, Dominican Republic"";s:3:""lat"";s:10:""19.7134951"";s:3:""lng"";s:18:""-70.44319109999998"";s:4:""zoom"";s:0:"""";s:10:""center_lat"";s:0:"""";s:10:""center_lng"";s:0:"""";}"
64511,Cueva de las Golondrinas,"La Cueva de las Golondrinas se encuentra en la desgarbada costa Atlántica de Río San Juan, a tan solo unos cinco minutos en bote desde el pueblo. Es una parada opcional que se incluye en las visitas a la Laguna Gri Gri, y el capitán podrá entrar con el bote dentro de la pequeña caverna, ¬°ten cuidado con la cabeza! Podrás observar las preciosas formaciones rocosas del suelo al techo mientras flotas en aguas cristalinas color turquesa. Una vez fuera de la cueva, podrás nadar en las aguas de la tranquila piscina natural que la rodea.",es,Puerto Plata,Avistamiento de Vida Silvestre|Cenotes + Manantiales|Cuevas + Espeleología|Familia|Parques Nacionales + Áreas Protegidas,,,,,,,
64547,Río Jamao,"Ubicado al sur de la provincia de Puerto Plata, el Río Jamao exhibe parte del paisaje natural dominicano más hermoso, donde podrás caminar por senderos rodeados de bosque, así como nadar en frescas piscinas de agua de río. También podrás hacer una excursión en kayak con los tour operadores ubicados en Cabarete.",es,Puerto Plata,Familia|Ríos + Lagos|Senderismo,,,,,19.6316156,-70.4448647,"a:6:{s:7:""address"";s:29:""Rio Jamao, Dominican Republic"";s:3:""lat"";s:10:""19.6316156"";s:3:""lng"";s:18:""-70.44486469999998"";s:4:""zoom"";s:0:"""";s:10:""center_lat"";s:0:"""";s:10:""center_lng"";s:0:"""";}"
64554,Ciclismo De Montaña En Cabarete,"Kilómetros de caminos de tierra en el campo, particularmente a lo largo de la antigua carretera El Choco, y dentro del área protegida Parque Nacional El Choco, hacen de Cabarete el lugar ideal para practicar ciclismo de montaña. Tour operadores de aventura como Iguana Mama, te proveerán con bicicletas y equipo de seguridad, así como guías certificados que llevarán a los ciclistas por uno de los múltiples senderos del área con diversos niveles de dificultad, incluyendo una intensa prueba de enduro de 50 kilómetros. Siempre es buena época para el ciclismo de montaña, aunque los meses de junio a octubre son ideales ya que los caminos están más desocupados.",es,Puerto Plata,Ciclismo de Montaña,,,,,19.70536942,-70.47009902,"a:6:{s:7:""address"";s:39:""Unnamed Road, 57000, Dominican Republic"";s:3:""lat"";s:18:""19.705369418628187"";s:3:""lng"";s:18:""-70.47009902083738"";s:4:""zoom"";s:0:"""";s:10:""center_lat"";s:0:"""";s:10:""center_lng"";s:0:"""";}"
64694,Parque Nacional El Choco,"Ubicado a solo 15 minutos de la playa y el corazón de Cabarete, el Parque Nacional El Choco ofrece un mundo de naturaleza para practicar senderismo, ciclismo de montaña, para nadar en lagunas de agua dulce, y para explorar cuevas. Con una extensión de 78 kilómetros cuadrados, el parque tiene un montón de senderos que te llevarán a través de espesos bosques tropicales repletos de árboles de cacao y café, plantas medicinales, y dentro de cuevas, en partes secas y partes llenas de agua, que datan de millones de años. En el camino, podrás ver más de 30 especies de aves, lagartijas y murciélagos. En la entrada del parque encontrarás guías biling√ºes, si vas por tu cuenta, o también puedes contratar un tour organizado a pie o en bicicleta desde la ciudad.",es,Puerto Plata,Avistamiento de Vida Silvestre|Cenotes + Manantiales|Ciclismo de Montaña|Cuevas + Espeleología|Familia|Parques Nacionales + Áreas Protegidas|Senderismo,,,,,19.7134951,-70.4431911,"a:6:{s:7:""address"";s:42:""El Choco National Park, Dominican Republic"";s:3:""lat"";s:10:""19.7134951"";s:3:""lng"";s:18:""-70.44319109999998"";s:4:""zoom"";s:0:"""";s:10:""center_lat"";s:0:"""";s:10:""center_lng"";s:0:"""";}"
64695,Laguna Dudú,"Una de las atracciones naturales más hermosas de la costa norte, la serie de lagunas de agua dulce color turquesa de la Laguna Dudú, rodeadas de cuevas y exuberantes bosques, te tendrá nadando todo el día. Ubicada en Cabrera, aproximadamente dos horas al este de Puerto Plata, y a una hora de Playa Grande, este parque ofrece un montón de actividades al aire libre. Nada o alquila un kayak para explorar estas aguas, visita una de las cuevas a pie, o atrévete con el improvisado zipline, que te lanzará desde una altura de 10 metros hasta la laguna más honda. En la finca, encontrarás un restaurante y bar y muchas áreas verdes para relajarte todo el día. ",es,Puerto Plata,Cenotes + Manantiales|Cuevas + Espeleología|Familia|Parques Nacionales + Áreas Protegidas|Ríos + Lagos|Ziplines,https://www.godominicanrepublic.com/wp-content/uploads/2018/03/nat1-laguna-dudu.jpg,,,,,,"a:6:{s:7:""address"";s:43:""Laguna Dudu, La Entrada, Dominican Republic"";s:3:""lat"";s:10:""19.5645003"";s:3:""lng"";s:18:""-69.90754779999997"";s:4:""zoom"";s:0:"""";s:10:""center_lat"";s:0:"""";s:10:""center_lng"";s:0:"""";}"
64730,Playa Costambar,"Una hermosa playa de arena dorada que se extiende por lo menos dos kilómetros, Playa Costambar es un paseo fácil, 10 minutos, desde Playa Dorada, y ofrece un escape ideal durante el día gracias a su montón de restaurantes y bares a lo largo de la costa. A pesar de las olas, nadar en estas aguas color turquesa es perfectamente seguro. Encontrarás una variedad de condominios y casas de alquiler, si te sientes con ganas de pasar la noche.",es,Puerto Plata,Familia|Playas,,,,,19.81498354,-70.71523233,"a:6:{s:7:""address"";s:58:""Calle Reina Isabel, Puerto Plata 57000, Dominican Republic"";s:3:""lat"";s:18:""19.814983535221984"";s:3:""lng"";s:18:""-70.71523233173826"";s:4:""zoom"";s:0:"""";s:10:""center_lat"";s:0:"""";s:10:""center_lng"";s:0:"""";}"
64731,Playa Ensenada,"Ubicada justo antes de Punta Rucia, Playa Ensenada es un lugar favorito para las familias los fines de semana gracias a su perfecta arena blanca, aguas azules poco profundas y sus vendedores de frituras o chozas cocinando pescado fresco y otras especialidades al aire libre. Agarra una silla bajo la sombra, o una tumbona, y disfruta de esta playa con el auténtico ambiente de playa dominicana. Aquí también podrás encontrar lanchas para visitar Cayo Arena.",es,Puerto Plata,Familia|Playas,,,,,19.8590901,-71.2085316,"a:6:{s:7:""address"";s:34:""Playa Ensenada, Dominican Republic"";s:3:""lat"";s:10:""19.8590901"";s:3:""lng"";s:18:""-71.20853160000001"";s:4:""zoom"";s:0:"""";s:10:""center_lat"";s:0:"""";s:10:""center_lng"";s:0:"""";}"
64773,Playa Alicia,"Aislada pero cerca del bullicioso centro de Sosúa, Playa Alicia es una de las playas más recientes de República Dominicana, formada en la última década por el desplazamiento de la arena hacia ese lugar. También conocida como la ‚Äúplaya milagrosa‚Äù, este amplio tramo de arena dorada se encuentra debajo de un par de restaurantes y cafés, pero no encontrarás ningún otro negocio o vendedores en la playa. Es un lugar para ir a nadar tranquilamente y disfrutar de las impresionantes puestas de sol.",es,Puerto Plata,Familia|Playas,,,,,19.7649224,-70.5188589,"a:6:{s:7:""address"";s:40:""Playa Alicia, Sosúa, Dominican Republic"";s:3:""lat"";s:10:""19.7649224"";s:3:""lng"";s:11:""-70.5188589"";s:4:""zoom"";s:0:"""";s:10:""center_lat"";s:0:"""";s:10:""center_lng"";s:0:"""";}"
64775,Long Beach,"Mientras que el frente costero de Puerto Plata está bordeado de playas, la más social de todas es Long Beach, ubicada en el extremo oriental del Malecón. Las multitudes de fin de semana se juntan aquí, especialmente al atardecer y en la noche, para disfrutar de este amplio tramo de arena donde los esperan un par de bares junto a la playa. Algunos surfean y nadan, mientras que otros sólo se sientan a disfrutar del ambiente y el paisaje.",es,Puerto Plata,Familia|Playas,,,,,19.7863098,-70.6674508,"a:6:{s:7:""address"";s:79:""Long Beach, Avenida General Gregorio Luperón, Puerto Plata, Dominican Republic"";s:3:""lat"";s:10:""19.7863098"";s:3:""lng"";s:18:""-70.66745079999998"";s:4:""zoom"";s:0:"""";s:10:""center_lat"";s:0:"""";s:10:""center_lng"";s:0:"""";}"
64776,Playa Cambiaso,"Alcanzar la espectacular arena blanca de Playa Cambiaso vale la pena. Aproximadamente a una hora y media al noroeste de Puerto Plata, entre Maimón y Luperón, este amplio tramo está repleto de cocoteros con burros que comen en el fondo y un par de restaurantes que sirven pescado fresco. Las familias se congregan aquí los fines de semana, pero durante la semana podrás tener la playa solo para ti. La playa es difícil de encontrar y te lleva por caminos de tierra llenos de baches, necesitarás un buen conductor y un vehículo todo terreno.",es,Puerto Plata,Familia|Playas,,,,,,,
64777,Playa Diamante,"Ubicada en la costa noroeste, directamente al lado de la carretera de Cabrera, esta playa de arena blanca y ligera no es lo que uno espera: un río fluye tan cerca que le da a la arena una textura suave y esponjosa, mientras que el mar es una mezcla de frío y calor de un extremo a otro. Es una experiencia intrigante, que con sus aguas poco profundas la hacen ideal para todos. Podrás caminar kilómetros sin que se vuelva más profunda.",es,Puerto Plata,Familia|Playas,,,,,19.5802104,-69.8986888,"a:6:{s:7:""address"";s:43:""Playa Diamante, Cabrera, Dominican Republic"";s:3:""lat"";s:10:""19.5802104"";s:3:""lng"";s:11:""-69.8986888"";s:4:""zoom"";s:0:"""";s:10:""center_lat"";s:0:"""";s:10:""center_lng"";s:0:"""";}"
64780,Sendero Del Café Pedro García,"Aprende sobre una de las exportaciones más importantes de República Dominicana, el café, del árbol al grano, así como el proceso de tostado, mientras atraviesas una plantación de café orgánico ubicada en la comunidad norteña de Pedro García, cerca de la frontera entre Santiago y Puerto Plata. Podrás tostar, limpiar, preparar y degustar tu propia taza. El sendero Pedro García fue reforestado y revitalizado recientemente para fomentar la producción de café en esta zona rica en ríos y abrazada por la Cordillera Septentrional. No te vayas sin comprar granos frescos para llevarte a casa.",es,Puerto Plata,Familia|Senderos de Plantaciones,,,,,,,"a:6:{s:7:""address"";s:32:""Pedro Garcia, Dominican Republic"";s:3:""lat"";s:10:""19.5930515"";s:3:""lng"";s:18:""-70.65290829999998"";s:4:""zoom"";s:0:"""";s:10:""center_lat"";s:0:"""";s:10:""center_lng"";s:0:"""";}"
64782,Fábrica De Chocolate Chocal,"Dirigida por un grupo de mujeres emprendedoras, esta pequeña fábrica de chocolate es un lugar único para aprender sobre el cacao dominicano, del árbol al grano, y para hacer tu propia tableta de chocolate mientras recorres la plantación. Es un viaje de medio día que te llevará a la hermosa comunidad montañosa de Palmar Grande, a 400 metros sobre el nivel del mar, para disfrutar de unas increíbles vistas de la montañosa provincia de Puerto Plata. Después del tour y la degustación de chocolates, terminarás tu día con una variedad de opciones para comprar. La tienda de Chocal está llena de barras de chocolate y licores.",es,Puerto Plata,Familia|Senderos de Plantaciones,,,https://chocalaltamira.wordpress.com,-5326,19.6997436,-70.8111656,"a:6:{s:7:""address"";s:48:""Chocal, Camino Palmar Grande, Dominican Republic"";s:3:""lat"";s:10:""19.6997436"";s:3:""lng"";s:18:""-70.81116559999998"";s:4:""zoom"";s:0:"""";s:10:""center_lat"";s:0:"""";s:10:""center_lng"";s:0:"""";}"
64783,Cabarete Coffee Company,"Con sede en Cabarete, este proveedor de café ‚Äúorgánico, cultivado bajo sombra, cosechado a mano, de comercio justo‚Äù te llevará por un recorrido de múltiples fincas cafetaleras a más o menos dos horas de distancia, donde obtienen sus granos de café, en las montañas de Jarabacoa en el corazón del país. Podrás tostar, moler y preparar tu propia taza, y luego tendrás la oportunidad de comprar directamente de la cooperativa local de Jarabacoa. Este proveedor también ofrece tours a una plantación de cacao. Si no puedes hacer un tour, siempre puedes degustar una taza o comprar una mezcla en la tienda de Cabarete Coffee Company.",es,Cabarete|Puerto Plata,Familia|Senderos de Plantaciones,,,http://www.cabaretecoffeecompany.com,-2298,19.7562093,-70.4181683,"a:6:{s:7:""address"";s:56:""Cabarete Coffee Company, 5, Cabarete, Dominican Republic"";s:3:""lat"";s:10:""19.7562093"";s:3:""lng"";s:18:""-70.41816829999999"";s:4:""zoom"";s:0:"""";s:10:""center_lat"";s:0:"""";s:10:""center_lng"";s:0:"""";}"
64784,Río Yasica,"Fluyendo desde las montañas en las afueras de Cabarete, el Río Yásica ofrece un mundo de diversión acuática. Practica el tubing, kayak o paddle board, y explora sus exuberantes costas. Se ofrecen excursiones desde Cabarete todo el año.",es,Cabarete|Puerto Plata,Familia|Ríos + Lagos,,,,,19.656502,-70.4907776,"a:6:{s:7:""address"";s:30:""Rio Yasica, Dominican Republic"";s:3:""lat"";s:9:""19.656502"";s:3:""lng"";s:11:""-70.4907776"";s:4:""zoom"";s:0:"""";s:10:""center_lat"";s:0:"""";s:10:""center_lng"";s:0:"""";}"
64785,Río Damajagua,"Fluyendo a través de la costa norte, el Río Damajagua es mejor conocido por sus 27 cascadas, conocidas como los 27 Charcos de Damajagua, y sus piscinas de agua dulce que se llenan a medida que el río corre a través de las tierras altas de Puerto Plata hacia sus llanuras. Fácilmente accesible desde la carretera, este río es la atracción número uno de la provincia, donde guías expertos te llevarán a través de las múltiples piscinas.",es,Puerto Plata,Familia|Ríos + Lagos,,,http://www.27charcos.com,,19.7919759,-70.9427635,"a:6:{s:7:""address"";s:45:""Rio Bajabonico, Damajagua, Dominican Republic"";s:3:""lat"";s:10:""19.7919759"";s:3:""lng"";s:18:""-70.94276350000001"";s:4:""zoom"";s:0:"""";s:10:""center_lat"";s:0:"""";s:10:""center_lng"";s:0:"""";}"
64786,Charcos de los Militares,"Estas tres cascadas, enclavadas en el corazón de las verdes llanuras de Puerto Plata y completamente fuera de los caminos más trillados, desembocan en profundas piscinas naturales azules llamadas cariñosamente la ‚ÄúPiscina de Dios‚Äù. Llegar a las cascadas es parte de la aventura, caminarás una hora a lo largo de un camino en partes plano y en otras montañoso, a través de antiguos campos de caña de azúcar, mientras observas escenas típicas de la vida de pueblo en Puerto Plata. El último esfuerzo consiste en una subida asistida por un cable improvisado que te ayudará a subir una serie de rocas que te llevarán a los Charcos de los Militares, donde probablemente no haya nadie más que tú para disfrutar de estas piscinas naturales. Las caminatas guiadas a estas cascadas salen de Tubagua Eco Lodge.",es,Puerto Plata,Barranquismo + Rapel|Cascadas|Familia|Senderismo,,,,,,,
64787,Hongo Mágico,"El Hongo Mágico, por su nombre en inglés, y por su forma de hongo, redondo arriba y más fino abajo; esta aventura en un cañón ofrece un emocionante día de barranquismo y rappel en los refrescantes ríos de Cabarete. Necesitarás estar en buena condición física para esta actividad, pero el resto lo afrontarás paso a paso, desde pequeños y grandes saltos opcionales, hasta un par de intensos rapeles de 60 metros. Descansa y refréscate con un chapuzón en el río o en la playa, a menos de una hora conduciendo.",es,Puerto Plata,Barranquismo + Rapel|Cascadas|Familia,,,,,,,
64788,Cascada Ciguapa,"Lleva la experiencia de cascada a otro nivel en Ciguapa Falls, contando un total de doce saltos de hasta 10 metros de altura, durante una expedición fluvial de dos horas. El viaje incluye una caminata a través de la densa selva antes de comenzar esta aventura repleta de agua. Los tour operadores basados en Cabarete ofrecen excursiones a Ciguapa Falls todo el año.",es,Puerto Plata,Barranquismo + Rapel|Cascadas|Familia|Senderismo,,,,-3785,,,
64789,Teleférico De Puerto Plata,"
Una visita a Puerto Plata no está completa si no te subes en el teleférico, el único en toda la zona del Caribe, que opera continuamente desde 1975. Este impresionante viaje de 10 minutos te llevará por los aires en uno de los dos teleféricos a 800 metros sobre el paisaje mágico de Puerto Plata, con el mar al norte y las verdes llanuras que eventualmente darán lugar al fin del paseo, en la Loma Isabel de Torres. Explora esta reserva natural y su jardín botánico, y disfruta de nuevo del paseo en teleférico durante tu descenso.
",es,Puerto Plata,Familia|Puntos de Interés,https://www.godominicanrepublic.com/wp-content/uploads/2017/12/teleferico-puerto-plata-1800x1080.jpg,,http://www.telefericopuertoplata.com,-2279,,,"a:6:{s:7:""address"";s:60:""The Cable Car Puerto Plata, Puerto Plata, Dominican Republic"";s:3:""lat"";s:10:""19.7881319"";s:3:""lng"";s:18:""-70.70997020000004"";s:4:""zoom"";s:0:"""";s:10:""center_lat"";s:0:"""";s:10:""center_lng"";s:0:"""";}"
64793,Parque Independencia,"Parque Independencia, también llamado Parque Central, es la pieza clave de la ciudad de Puerto Plata, enmarcado por palmeras y rodeado en todos lados por casas victorianas de colores pasteles. La blanca Catedral del Apóstol San Felipe se eleva sobre la plaza, donde los puertoplateños se relajan durante el día y la noche con amigos y familiares. Alrededor de la plaza hallarás un café, una heladería y un restaurante, mientras que los principales museos de la ciudad están a un par de cuadras.",es,Puerto Plata,Arquitectura|Familia|Parques Urbanos|Puntos de Interés,,,,,19.7976752,-70.6932427,"a:6:{s:7:""address"";s:90:""Parque Independencia (Parque Central), Calle Separación, Puerto Plata, Dominican Republic"";s:3:""lat"";s:10:""19.7976752"";s:3:""lng"";s:18:""-70.69324269999998"";s:4:""zoom"";s:0:"""";s:10:""center_lat"";s:0:"""";s:10:""center_lng"";s:0:"""";}"
64794,Templo de las Américas,"Construida sobre las ruinas de la iglesia original del siglo XVI construida por Cristóbal Colón en La Isabela, este edificio colonial de ladrillo y piedra se encuentra en medio de un precioso jardín. El Templo de Las Américas es considerado la primera iglesia católica del Nuevo Mundo y su interior está repleto de imágenes de la Virgen María. Pasea por su interior y siente la suave brisa del Atlántico mientras fluye por ese sitio espiritual.",es,Puerto Plata,Familia|Iglesias|Puntos de Interés,https://www.godominicanrepublic.com/wp-content/uploads/2018/03/la-isabela_2.jpg,,,,,,"a:6:{s:7:""address"";s:30:""La Isabela, Dominican Republic"";s:3:""lat"";s:10:""19.8890463"";s:3:""lng"";s:18:""-71.07874730000003"";s:4:""zoom"";s:0:"""";s:10:""center_lat"";s:0:"""";s:10:""center_lng"";s:0:"""";}"
64798,Casa de la Cultura,"Ubicada en frente del histórico parque central de la ciudad, Casa de La Cultura es uno de los centros culturales e intelectuales más antiguos de Puerto Plata. Fue reconstruida a principios del siglo XX y hoy en día se llevan a cabo en ella eventos claves culturales, desde exhibiciones hasta conferencias. Visita este edificio de madera de tres plantas, de estilo victoriano, con una biblioteca de literatura española y una terraza en el segundo piso con vistas panorámicas de la ciudad de Puerto Plata.",es,Puerto Plata,Familia|Museos,https://www.godominicanrepublic.com/wp-content/uploads/2018/03/casa-cultura-pp.jpg,,,-3800,,,"a:6:{s:7:""address"";s:60:""Casa de la Cultura, Beller, Puerto Plata, Dominican Republic"";s:3:""lat"";s:10:""19.7972468"";s:3:""lng"";s:18:""-70.69300659999999"";s:4:""zoom"";s:0:"""";s:10:""center_lat"";s:0:"""";s:10:""center_lng"";s:0:"""";}"
64799,Casa de Arte,"Inaugurada en 2013, Casa de Arte es el centro cultural más reciente de la costa norte, además es un museo y un centro educativo de artesanías. Ubicado en el corazón del pueblo playero de Sosúa, cada mes se realizan exhibiciones rotativas de arte, así como conferencias y otros eventos. Casa de Arte también subsidia una fantástica escuela de arte para los niños y adolescentes desfavorecidos de la zona, ofreciendo clases de joyería, pintura, ballet, entre otros. Siéntete libre de pasar a visitar mientras te diriges o te devuelves de la playa, y recorre la exposición actual.",es,Puerto Plata|Sosúa,Familia|Museos,https://www.godominicanrepublic.com/wp-content/uploads/2018/03/14-14-13-50-39-2654556.jpg,,,-3821,,,"a:6:{s:7:""address"";s:66:""Casa de Arte de Sosúa, Pedro Clisante, Sosúa, Dominican Republic"";s:3:""lat"";s:10:""19.7624806"";s:3:""lng"";s:18:""-70.51669659999999"";s:4:""zoom"";s:0:"""";s:10:""center_lat"";s:0:"""";s:10:""center_lng"";s:0:"""";}"
64800,Estadio Bartolo Colón,"Ubicado en la pequeña localidad de Altamira, hogar del jugador de Grandes Ligas, Bartolo Colón, este jugador profesional construyó este estadio y academia para facilitar el entrenamiento de los niños de su comunidad. El estadio también cuenta con un museo que muestra el excelente panorama del béisbol dominicano, su historia e importancia cultural. También podrás ver las pertenencias de Bartolo Colón, incluyendo sus uniformes y bates. Dirígete al estadio de béisbol, donde podrás observar y unirte a los jóvenes de la zona que practican todo el día para perseguir sus sueños de convertirse en la próxima sensación de la MLB.",es,Puerto Plata,Béisbol|Familia|Museos,https://www.godominicanrepublic.com/wp-content/uploads/2018/03/bartolo-colon-stadium-2.jpg,,,,,,"a:6:{s:7:""address"";s:86:""Bartolo Colón Stadium, Carretera Navarrete Puerto plata, Altamira, Dominican Republic"";s:3:""lat"";s:10:""19.6504027"";s:3:""lng"";s:18:""-70.83317790000001"";s:4:""zoom"";s:0:"""";s:10:""center_lat"";s:0:"""";s:10:""center_lng"";s:0:"""";}"
64803,De Compras En Cabarete,"Ir de compras en Cabarete es tan divertido como hacer surf. La calle principal de este pueblo de playa está repleta de exquisitas tiendas boutique que ofrecen arte dominicano y ropa de todo el país y el extranjero. Encontrarás ropa de playa de diseñador y equipos de primera, cerámica taína, joyas de ámbar y larimar, cigarros y más. También podrás comprar café y cacao orgánico dominicano en una de las múltiples cafeterías de la zona.",es,Cabarete|Puerto Plata,Compras|Familia,,,,,19.7504987,-70.40802651,"a:6:{s:7:""address"";s:52:""Paseo Don Chiche, Cabarete 57000, Dominican Republic"";s:3:""lat"";s:18:""19.750498697515734"";s:3:""lng"";s:18:""-70.40802651370848"";s:4:""zoom"";s:0:"""";s:10:""center_lat"";s:0:"""";s:10:""center_lng"";s:0:"""";}"
64804,De Compras En Sosúa,"La calle principal de Sosúa, Pedro Clisante, está repleta de oportunidades para comprar artesanías locales, ropa de playa y una gran variedad de productos dominicanos, desde cacao hasta ron. También hallarás una excelente selección de pinturas locales. Da un paseo por el callejón del artista que lleva a la playa de Sosúa para ver estas piezas únicas. En la playa, encontrarás chozas que venden souvenirs y baratijas.",es,Puerto Plata|Sosúa,Compras|Familia,,,,,19.7572211,-70.5171504,"a:6:{s:7:""address"";s:31:""Playa Sosua, Dominican Republic"";s:3:""lat"";s:10:""19.7572211"";s:3:""lng"";s:18:""-70.51715039999999"";s:4:""zoom"";s:0:"""";s:10:""center_lat"";s:0:"""";s:10:""center_lng"";s:0:"""";}"
64806,Ocean World Marina,"Situado junto a la zona turística de la playa de Cofresí, el complejo Ocean World Marina ofrece una gran variedad de entretenimiento de día y de noche, incluyendo un casino y una discoteca, un restaurante y un bar con un espectáculo semanal de Bravíssimo, y un parque de aventuras marinas adyacente. Visítalo durante el día para nadar con la vida marina y ver espectáculos con delfines, o disfruta del ambiente marino por la noche con cócteles, cena y un espectáculo de baile.",es,Cofresí|Puerto Plata,Marinas|Gastronomía y Vida Nocturna>Música + Vida Nocturna,https://www.godominicanrepublic.com/wp-content/uploads/2018/02/owmarinaselloacrew2.jpg,,http://oceanworldmarina.com,-5151,,,"a:6:{s:7:""address"";s:47:""Unnamed Road, Cofresi 57000, Dominican Republic"";s:3:""lat"";s:18:""19.827290935764385"";s:3:""lng"";s:18:""-70.73246377581023"";s:4:""zoom"";s:0:"""";s:10:""center_lat"";s:0:"""";s:10:""center_lng"";s:0:"""";}"
64816,Vida Nocturna En Cabarete,"Las noches en Cabarete son igual de intensas que los días. La gran variedad de bares y pequeños clubes a lo largo de la playa se llenan con residentes y locales vestidos con sandalias o descalzos que disfrutan del happy hour con música y baile. Encontrarás clubes de dos plantas con noches de música temática, así como acogedores sofás directamente en la playa para pasar una noche más tranquila entre el bullicioso público que va de bar en bar.",es,Cabarete|Puerto Plata,Gastronomía y Vida Nocturna>Música + Vida Nocturna,https://www.godominicanrepublic.com/wp-content/uploads/2017/12/cabarete-nocturno.jpg,,,,,,"a:6:{s:7:""address"";s:28:""Cabarete, Dominican Republic"";s:3:""lat"";s:10:""19.7509228"";s:3:""lng"";s:18:""-70.41442089999998"";s:4:""zoom"";s:0:"""";s:10:""center_lat"";s:0:"""";s:10:""center_lng"";s:0:"""";}"
64819,Vida Nocturna En Sosúa,"La calle principal de Sosúa, la calle Pedro Clisante, se convierte peatonal después del anochecer y es el centro de la vida nocturna en este pueblo de playa. Los bares, lounges y discotecas a lo largo de la calle permanecen abiertos hasta las altas horas de la noche. La música en vivo suele estar presente al menos una vez a la semana, incluyendo variaciones de rock y blues en los bares pertenecientes a expatriados.",es,Puerto Plata|Sosúa,Gastronomía y Vida Nocturna>Música + Vida Nocturna,,,,,19.7673121,-70.5104929,"a:6:{s:7:""address"";s:42:""Pedro Clisante, Sosúa, Dominican Republic"";s:3:""lat"";s:10:""19.7673121"";s:3:""lng"";s:18:""-70.51049290000003"";s:4:""zoom"";s:0:"""";s:10:""center_lat"";s:0:"""";s:10:""center_lng"";s:0:"""";}"
64820,Parque La Puntilla,"Ocupando el extremo oeste del Malecón de la ciudad, adyacente a la Fortaleza San Felipe y un paseo a lo largo del borde del Océano Atlántico, este parque costero recientemente renovado es la parada favorita de los puertoplateños para descansar al final del día, las puestas de sol en La Puntilla son impresionantes, o para un paseo de fin de semana. Puntuado con una estatua de Gregorio Luperón, el parque cuenta con carriles para bicicletas a lo largo de las vistas al mar, y un montón de asientos, incluyendo un anfiteatro donde se realizan grandes eventos y conciertos durante todo el año.",es,Puerto Plata,Familia|Parques Urbanos,https://www.godominicanrepublic.com/wp-content/uploads/2018/03/dsc_1615.jpg,,,,,,"a:6:{s:7:""address"";s:80:""La Puntilla, Avenida General Gregorio Luperón, Puerto Plata, Dominican Republic"";s:3:""lat"";s:10:""19.8053716"";s:3:""lng"";s:18:""-70.69597440000001"";s:4:""zoom"";s:0:"""";s:10:""center_lat"";s:0:"""";s:10:""center_lng"";s:0:"""";}"
65202,Cayo Arena,"Cayo Arena, también conocido como Cayo Paraíso, se encuentra a 25 minutos en lancha del punto de salida en Punta Rucia, ubicado al noroeste de Puerto Plata. Este banco de arena se encuentra en medio del brillante océano azul, con fina arena blanca y aguas poco profundas repletas de peces tropicales, ideal para snorkelers de cualquier nivel, o también podrás optar por bucear. La mayoría de los tour operadores ofrecen el viaje de ida y vuelta desde Puerto Plata, incluyendo los botes que los llevarán al cayo con equipo de snorkel incluido.",es,Puerto Plata,Marinas>Atracciones Marinas|Familia|Islas + Cayos|Playas,https://www.godominicanrepublic.com/wp-content/uploads/2018/02/cayo-arena.jpg,,,,,,"a:6:{s:7:""address"";s:30:""CAYO ARENA, Dominican Republic"";s:3:""lat"";s:10:""19.8698076"";s:3:""lng"";s:11:""-71.3075164"";s:4:""zoom"";s:0:"""";s:10:""center_lat"";s:0:"""";s:10:""center_lng"";s:0:"""";}"
65208,Laguna Gri-Gri,"Ubicada en el pueblo pesquero de Río San Juan, aproximadamente a 100 kilómetros al este de Puerto Plata, la Laguna Gri-Gri es uno de los mayores santuarios de aves del país. Se pueden hacer paseos en bote por esta tranquila laguna flanqueada por manglares a cualquier hora del día, pero el mejor momento es sin duda el atardecer, cuando podrás apreciar las garcetas y los buitres volando y chirriando por encima de los manglares mientras el bote pasa por estrechos canales que eventualmente desembocan en el mar. Los tours diarios guiados en bote incluyen una parada en la Cueva de Las Golondrinas, frente a una ensenada poco profunda de color turquesa donde te podrás dar un baño. El tour termina en la mágica Playa Caletón para disfrutar una de las maravillosas playas de Río San Juan.",es,Puerto Plata,Avistamiento de Vida Silvestre|Familia|Parques Nacionales + Áreas Protegidas|Ríos + Lagos,https://www.godominicanrepublic.com/wp-content/uploads/2018/08/laguna-grigri_baja.jpg,,,,,,"a:6:{s:7:""address"";s:48:""Laguna Gri-Gri, Rio San Juan, Dominican Republic"";s:3:""lat"";s:10:""19.6471792"";s:3:""lng"";s:11:""-70.0776674"";s:4:""zoom"";s:0:"""";s:10:""center_lat"";s:0:"""";s:10:""center_lng"";s:0:"""";}"
